bno,id,title,bcontent,write_date,write_update_date,bcount
1,user4,게시글 제목 1,"이 게시글은 예시 데이터를 생성하기 위해 작성되었습니다. 내용은 길게 생성되며, 다양한 정보와 의견을 포함하고 있습니다. 게시글 번호 1의 주제는 랜덤하게 설정되었으며, 사용자가 원하는 다양한 내용을 담을 수 있습니다. 이와 같은 게시글들은 보통 웹사이트나 커뮤니티에서 자주 볼 수 있는 형식이며, 실제 데이터를 기반으로 작성될 수 있습니다. 게시글은 내용이 길어질 수록 더 많은 정보를 전달하며, 이에 따라 조회수와 댓글 수도 증가할 수 있습니다.",2024-10-15,2024-01-19,542
2,user10,게시글 제목 2,"이 게시글은 예시 데이터를 생성하기 위해 작성되었습니다. 내용은 길게 생성되며, 다양한 정보와 의견을 포함하고 있습니다. 게시글 번호 2의 주제는 랜덤하게 설정되었으며, 사용자가 원하는 다양한 내용을 담을 수 있습니다. 이와 같은 게시글들은 보통 웹사이트나 커뮤니티에서 자주 볼 수 있는 형식이며, 실제 데이터를 기반으로 작성될 수 있습니다. 게시글은 내용이 길어질 수록 더 많은 정보를 전달하며, 이에 따라 조회수와 댓글 수도 증가할 수 있습니다.",2024-09-19,2024-04-28,491
3,user17,게시글 제목 3,"이 게시글은 예시 데이터를 생성하기 위해 작성되었습니다. 내용은 길게 생성되며, 다양한 정보와 의견을 포함하고 있습니다. 게시글 번호 3의 주제는 랜덤하게 설정되었으며, 사용자가 원하는 다양한 내용을 담을 수 있습니다. 이와 같은 게시글들은 보통 웹사이트나 커뮤니티에서 자주 볼 수 있는 형식이며, 실제 데이터를 기반으로 작성될 수 있습니다. 게시글은 내용이 길어질 수록 더 많은 정보를 전달하며, 이에 따라 조회수와 댓글 수도 증가할 수 있습니다.",2024-06-06,2024-04-16,916
4,user8,게시글 제목 4,"이 게시글은 예시 데이터를 생성하기 위해 작성되었습니다. 내용은 길게 생성되며, 다양한 정보와 의견을 포함하고 있습니다. 게시글 번호 4의 주제는 랜덤하게 설정되었으며, 사용자가 원하는 다양한 내용을 담을 수 있습니다. 이와 같은 게시글들은 보통 웹사이트나 커뮤니티에서 자주 볼 수 있는 형식이며, 실제 데이터를 기반으로 작성될 수 있습니다. 게시글은 내용이 길어질 수록 더 많은 정보를 전달하며, 이에 따라 조회수와 댓글 수도 증가할 수 있습니다.",2024-03-03,2024-06-01,276
5,user6,게시글 제목 5,"이 게시글은 예시 데이터를 생성하기 위해 작성되었습니다. 내용은 길게 생성되며, 다양한 정보와 의견을 포함하고 있습니다. 게시글 번호 5의 주제는 랜덤하게 설정되었으며, 사용자가 원하는 다양한 내용을 담을 수 있습니다. 이와 같은 게시글들은 보통 웹사이트나 커뮤니티에서 자주 볼 수 있는 형식이며, 실제 데이터를 기반으로 작성될 수 있습니다. 게시글은 내용이 길어질 수록 더 많은 정보를 전달하며, 이에 따라 조회수와 댓글 수도 증가할 수 있습니다.",2024-07-22,2024-03-26,270
6,user8,게시글 제목 6,"이 게시글은 예시 데이터를 생성하기 위해 작성되었습니다. 내용은 길게 생성되며, 다양한 정보와 의견을 포함하고 있습니다. 게시글 번호 6의 주제는 랜덤하게 설정되었으며, 사용자가 원하는 다양한 내용을 담을 수 있습니다. 이와 같은 게시글들은 보통 웹사이트나 커뮤니티에서 자주 볼 수 있는 형식이며, 실제 데이터를 기반으로 작성될 수 있습니다. 게시글은 내용이 길어질 수록 더 많은 정보를 전달하며, 이에 따라 조회수와 댓글 수도 증가할 수 있습니다.",2024-06-26,2024-08-12,409
7,user15,게시글 제목 7,"이 게시글은 예시 데이터를 생성하기 위해 작성되었습니다. 내용은 길게 생성되며, 다양한 정보와 의견을 포함하고 있습니다. 게시글 번호 7의 주제는 랜덤하게 설정되었으며, 사용자가 원하는 다양한 내용을 담을 수 있습니다. 이와 같은 게시글들은 보통 웹사이트나 커뮤니티에서 자주 볼 수 있는 형식이며, 실제 데이터를 기반으로 작성될 수 있습니다. 게시글은 내용이 길어질 수록 더 많은 정보를 전달하며, 이에 따라 조회수와 댓글 수도 증가할 수 있습니다.",2024-06-20,2024-03-12,564
8,user3,게시글 제목 8,"이 게시글은 예시 데이터를 생성하기 위해 작성되었습니다. 내용은 길게 생성되며, 다양한 정보와 의견을 포함하고 있습니다. 게시글 번호 8의 주제는 랜덤하게 설정되었으며, 사용자가 원하는 다양한 내용을 담을 수 있습니다. 이와 같은 게시글들은 보통 웹사이트나 커뮤니티에서 자주 볼 수 있는 형식이며, 실제 데이터를 기반으로 작성될 수 있습니다. 게시글은 내용이 길어질 수록 더 많은 정보를 전달하며, 이에 따라 조회수와 댓글 수도 증가할 수 있습니다.",2024-09-25,2023-11-16,181
9,user16,게시글 제목 9,"이 게시글은 예시 데이터를 생성하기 위해 작성되었습니다. 내용은 길게 생성되며, 다양한 정보와 의견을 포함하고 있습니다. 게시글 번호 9의 주제는 랜덤하게 설정되었으며, 사용자가 원하는 다양한 내용을 담을 수 있습니다. 이와 같은 게시글들은 보통 웹사이트나 커뮤니티에서 자주 볼 수 있는 형식이며, 실제 데이터를 기반으로 작성될 수 있습니다. 게시글은 내용이 길어질 수록 더 많은 정보를 전달하며, 이에 따라 조회수와 댓글 수도 증가할 수 있습니다.",2024-04-15,2024-07-16,635
10,user20,게시글 제목 10,"이 게시글은 예시 데이터를 생성하기 위해 작성되었습니다. 내용은 길게 생성되며, 다양한 정보와 의견을 포함하고 있습니다. 게시글 번호 10의 주제는 랜덤하게 설정되었으며, 사용자가 원하는 다양한 내용을 담을 수 있습니다. 이와 같은 게시글들은 보통 웹사이트나 커뮤니티에서 자주 볼 수 있는 형식이며, 실제 데이터를 기반으로 작성될 수 있습니다. 게시글은 내용이 길어질 수록 더 많은 정보를 전달하며, 이에 따라 조회수와 댓글 수도 증가할 수 있습니다.",2024-04-10,2024-05-09,47
11,user2,게시글 제목 11,"이 게시글은 예시 데이터를 생성하기 위해 작성되었습니다. 내용은 길게 생성되며, 다양한 정보와 의견을 포함하고 있습니다. 게시글 번호 11의 주제는 랜덤하게 설정되었으며, 사용자가 원하는 다양한 내용을 담을 수 있습니다. 이와 같은 게시글들은 보통 웹사이트나 커뮤니티에서 자주 볼 수 있는 형식이며, 실제 데이터를 기반으로 작성될 수 있습니다. 게시글은 내용이 길어질 수록 더 많은 정보를 전달하며, 이에 따라 조회수와 댓글 수도 증가할 수 있습니다.",2023-11-08,2024-10-03,729
12,user4,게시글 제목 12,"이 게시글은 예시 데이터를 생성하기 위해 작성되었습니다. 내용은 길게 생성되며, 다양한 정보와 의견을 포함하고 있습니다. 게시글 번호 12의 주제는 랜덤하게 설정되었으며, 사용자가 원하는 다양한 내용을 담을 수 있습니다. 이와 같은 게시글들은 보통 웹사이트나 커뮤니티에서 자주 볼 수 있는 형식이며, 실제 데이터를 기반으로 작성될 수 있습니다. 게시글은 내용이 길어질 수록 더 많은 정보를 전달하며, 이에 따라 조회수와 댓글 수도 증가할 수 있습니다.",2024-02-16,2023-11-19,989
13,user17,게시글 제목 13,"이 게시글은 예시 데이터를 생성하기 위해 작성되었습니다. 내용은 길게 생성되며, 다양한 정보와 의견을 포함하고 있습니다. 게시글 번호 13의 주제는 랜덤하게 설정되었으며, 사용자가 원하는 다양한 내용을 담을 수 있습니다. 이와 같은 게시글들은 보통 웹사이트나 커뮤니티에서 자주 볼 수 있는 형식이며, 실제 데이터를 기반으로 작성될 수 있습니다. 게시글은 내용이 길어질 수록 더 많은 정보를 전달하며, 이에 따라 조회수와 댓글 수도 증가할 수 있습니다.",2024-06-01,2024-02-22,968
14,user10,게시글 제목 14,"이 게시글은 예시 데이터를 생성하기 위해 작성되었습니다. 내용은 길게 생성되며, 다양한 정보와 의견을 포함하고 있습니다. 게시글 번호 14의 주제는 랜덤하게 설정되었으며, 사용자가 원하는 다양한 내용을 담을 수 있습니다. 이와 같은 게시글들은 보통 웹사이트나 커뮤니티에서 자주 볼 수 있는 형식이며, 실제 데이터를 기반으로 작성될 수 있습니다. 게시글은 내용이 길어질 수록 더 많은 정보를 전달하며, 이에 따라 조회수와 댓글 수도 증가할 수 있습니다.",2023-12-26,2024-05-09,233
15,user18,게시글 제목 15,"이 게시글은 예시 데이터를 생성하기 위해 작성되었습니다. 내용은 길게 생성되며, 다양한 정보와 의견을 포함하고 있습니다. 게시글 번호 15의 주제는 랜덤하게 설정되었으며, 사용자가 원하는 다양한 내용을 담을 수 있습니다. 이와 같은 게시글들은 보통 웹사이트나 커뮤니티에서 자주 볼 수 있는 형식이며, 실제 데이터를 기반으로 작성될 수 있습니다. 게시글은 내용이 길어질 수록 더 많은 정보를 전달하며, 이에 따라 조회수와 댓글 수도 증가할 수 있습니다.",2024-02-02,2023-10-25,71
16,user17,게시글 제목 16,"이 게시글은 예시 데이터를 생성하기 위해 작성되었습니다. 내용은 길게 생성되며, 다양한 정보와 의견을 포함하고 있습니다. 게시글 번호 16의 주제는 랜덤하게 설정되었으며, 사용자가 원하는 다양한 내용을 담을 수 있습니다. 이와 같은 게시글들은 보통 웹사이트나 커뮤니티에서 자주 볼 수 있는 형식이며, 실제 데이터를 기반으로 작성될 수 있습니다. 게시글은 내용이 길어질 수록 더 많은 정보를 전달하며, 이에 따라 조회수와 댓글 수도 증가할 수 있습니다.",2024-08-12,2024-04-24,622
17,user12,게시글 제목 17,"이 게시글은 예시 데이터를 생성하기 위해 작성되었습니다. 내용은 길게 생성되며, 다양한 정보와 의견을 포함하고 있습니다. 게시글 번호 17의 주제는 랜덤하게 설정되었으며, 사용자가 원하는 다양한 내용을 담을 수 있습니다. 이와 같은 게시글들은 보통 웹사이트나 커뮤니티에서 자주 볼 수 있는 형식이며, 실제 데이터를 기반으로 작성될 수 있습니다. 게시글은 내용이 길어질 수록 더 많은 정보를 전달하며, 이에 따라 조회수와 댓글 수도 증가할 수 있습니다.",2023-11-21,2024-07-07,149
18,user2,게시글 제목 18,"이 게시글은 예시 데이터를 생성하기 위해 작성되었습니다. 내용은 길게 생성되며, 다양한 정보와 의견을 포함하고 있습니다. 게시글 번호 18의 주제는 랜덤하게 설정되었으며, 사용자가 원하는 다양한 내용을 담을 수 있습니다. 이와 같은 게시글들은 보통 웹사이트나 커뮤니티에서 자주 볼 수 있는 형식이며, 실제 데이터를 기반으로 작성될 수 있습니다. 게시글은 내용이 길어질 수록 더 많은 정보를 전달하며, 이에 따라 조회수와 댓글 수도 증가할 수 있습니다.",2024-08-16,2023-10-29,461
19,user12,게시글 제목 19,"이 게시글은 예시 데이터를 생성하기 위해 작성되었습니다. 내용은 길게 생성되며, 다양한 정보와 의견을 포함하고 있습니다. 게시글 번호 19의 주제는 랜덤하게 설정되었으며, 사용자가 원하는 다양한 내용을 담을 수 있습니다. 이와 같은 게시글들은 보통 웹사이트나 커뮤니티에서 자주 볼 수 있는 형식이며, 실제 데이터를 기반으로 작성될 수 있습니다. 게시글은 내용이 길어질 수록 더 많은 정보를 전달하며, 이에 따라 조회수와 댓글 수도 증가할 수 있습니다.",2023-12-19,2023-10-28,45
20,user11,게시글 제목 20,"이 게시글은 예시 데이터를 생성하기 위해 작성되었습니다. 내용은 길게 생성되며, 다양한 정보와 의견을 포함하고 있습니다. 게시글 번호 20의 주제는 랜덤하게 설정되었으며, 사용자가 원하는 다양한 내용을 담을 수 있습니다. 이와 같은 게시글들은 보통 웹사이트나 커뮤니티에서 자주 볼 수 있는 형식이며, 실제 데이터를 기반으로 작성될 수 있습니다. 게시글은 내용이 길어질 수록 더 많은 정보를 전달하며, 이에 따라 조회수와 댓글 수도 증가할 수 있습니다.",2024-01-10,2024-10-02,574
21,user6,게시글 제목 21,"이 게시글은 예시 데이터를 생성하기 위해 작성되었습니다. 내용은 길게 생성되며, 다양한 정보와 의견을 포함하고 있습니다. 게시글 번호 21의 주제는 랜덤하게 설정되었으며, 사용자가 원하는 다양한 내용을 담을 수 있습니다. 이와 같은 게시글들은 보통 웹사이트나 커뮤니티에서 자주 볼 수 있는 형식이며, 실제 데이터를 기반으로 작성될 수 있습니다. 게시글은 내용이 길어질 수록 더 많은 정보를 전달하며, 이에 따라 조회수와 댓글 수도 증가할 수 있습니다.",2024-02-26,2023-11-03,643
22,user14,게시글 제목 22,"이 게시글은 예시 데이터를 생성하기 위해 작성되었습니다. 내용은 길게 생성되며, 다양한 정보와 의견을 포함하고 있습니다. 게시글 번호 22의 주제는 랜덤하게 설정되었으며, 사용자가 원하는 다양한 내용을 담을 수 있습니다. 이와 같은 게시글들은 보통 웹사이트나 커뮤니티에서 자주 볼 수 있는 형식이며, 실제 데이터를 기반으로 작성될 수 있습니다. 게시글은 내용이 길어질 수록 더 많은 정보를 전달하며, 이에 따라 조회수와 댓글 수도 증가할 수 있습니다.",2024-04-22,2024-07-25,971
23,user13,게시글 제목 23,"이 게시글은 예시 데이터를 생성하기 위해 작성되었습니다. 내용은 길게 생성되며, 다양한 정보와 의견을 포함하고 있습니다. 게시글 번호 23의 주제는 랜덤하게 설정되었으며, 사용자가 원하는 다양한 내용을 담을 수 있습니다. 이와 같은 게시글들은 보통 웹사이트나 커뮤니티에서 자주 볼 수 있는 형식이며, 실제 데이터를 기반으로 작성될 수 있습니다. 게시글은 내용이 길어질 수록 더 많은 정보를 전달하며, 이에 따라 조회수와 댓글 수도 증가할 수 있습니다.",2024-10-21,2024-03-24,685
24,user13,게시글 제목 24,"이 게시글은 예시 데이터를 생성하기 위해 작성되었습니다. 내용은 길게 생성되며, 다양한 정보와 의견을 포함하고 있습니다. 게시글 번호 24의 주제는 랜덤하게 설정되었으며, 사용자가 원하는 다양한 내용을 담을 수 있습니다. 이와 같은 게시글들은 보통 웹사이트나 커뮤니티에서 자주 볼 수 있는 형식이며, 실제 데이터를 기반으로 작성될 수 있습니다. 게시글은 내용이 길어질 수록 더 많은 정보를 전달하며, 이에 따라 조회수와 댓글 수도 증가할 수 있습니다.",2024-07-21,2023-11-23,272
25,user6,게시글 제목 25,"이 게시글은 예시 데이터를 생성하기 위해 작성되었습니다. 내용은 길게 생성되며, 다양한 정보와 의견을 포함하고 있습니다. 게시글 번호 25의 주제는 랜덤하게 설정되었으며, 사용자가 원하는 다양한 내용을 담을 수 있습니다. 이와 같은 게시글들은 보통 웹사이트나 커뮤니티에서 자주 볼 수 있는 형식이며, 실제 데이터를 기반으로 작성될 수 있습니다. 게시글은 내용이 길어질 수록 더 많은 정보를 전달하며, 이에 따라 조회수와 댓글 수도 증가할 수 있습니다.",2024-09-04,2024-08-15,652
26,user3,게시글 제목 26,"이 게시글은 예시 데이터를 생성하기 위해 작성되었습니다. 내용은 길게 생성되며, 다양한 정보와 의견을 포함하고 있습니다. 게시글 번호 26의 주제는 랜덤하게 설정되었으며, 사용자가 원하는 다양한 내용을 담을 수 있습니다. 이와 같은 게시글들은 보통 웹사이트나 커뮤니티에서 자주 볼 수 있는 형식이며, 실제 데이터를 기반으로 작성될 수 있습니다. 게시글은 내용이 길어질 수록 더 많은 정보를 전달하며, 이에 따라 조회수와 댓글 수도 증가할 수 있습니다.",2024-03-05,2024-06-21,531
27,user6,게시글 제목 27,"이 게시글은 예시 데이터를 생성하기 위해 작성되었습니다. 내용은 길게 생성되며, 다양한 정보와 의견을 포함하고 있습니다. 게시글 번호 27의 주제는 랜덤하게 설정되었으며, 사용자가 원하는 다양한 내용을 담을 수 있습니다. 이와 같은 게시글들은 보통 웹사이트나 커뮤니티에서 자주 볼 수 있는 형식이며, 실제 데이터를 기반으로 작성될 수 있습니다. 게시글은 내용이 길어질 수록 더 많은 정보를 전달하며, 이에 따라 조회수와 댓글 수도 증가할 수 있습니다.",2024-07-11,2024-09-08,145
28,user20,게시글 제목 28,"이 게시글은 예시 데이터를 생성하기 위해 작성되었습니다. 내용은 길게 생성되며, 다양한 정보와 의견을 포함하고 있습니다. 게시글 번호 28의 주제는 랜덤하게 설정되었으며, 사용자가 원하는 다양한 내용을 담을 수 있습니다. 이와 같은 게시글들은 보통 웹사이트나 커뮤니티에서 자주 볼 수 있는 형식이며, 실제 데이터를 기반으로 작성될 수 있습니다. 게시글은 내용이 길어질 수록 더 많은 정보를 전달하며, 이에 따라 조회수와 댓글 수도 증가할 수 있습니다.",2023-11-30,2024-06-21,77
29,user9,게시글 제목 29,"이 게시글은 예시 데이터를 생성하기 위해 작성되었습니다. 내용은 길게 생성되며, 다양한 정보와 의견을 포함하고 있습니다. 게시글 번호 29의 주제는 랜덤하게 설정되었으며, 사용자가 원하는 다양한 내용을 담을 수 있습니다. 이와 같은 게시글들은 보통 웹사이트나 커뮤니티에서 자주 볼 수 있는 형식이며, 실제 데이터를 기반으로 작성될 수 있습니다. 게시글은 내용이 길어질 수록 더 많은 정보를 전달하며, 이에 따라 조회수와 댓글 수도 증가할 수 있습니다.",2023-12-04,2024-09-28,672
30,user20,게시글 제목 30,"이 게시글은 예시 데이터를 생성하기 위해 작성되었습니다. 내용은 길게 생성되며, 다양한 정보와 의견을 포함하고 있습니다. 게시글 번호 30의 주제는 랜덤하게 설정되었으며, 사용자가 원하는 다양한 내용을 담을 수 있습니다. 이와 같은 게시글들은 보통 웹사이트나 커뮤니티에서 자주 볼 수 있는 형식이며, 실제 데이터를 기반으로 작성될 수 있습니다. 게시글은 내용이 길어질 수록 더 많은 정보를 전달하며, 이에 따라 조회수와 댓글 수도 증가할 수 있습니다.",2023-12-15,2024-01-13,699
31,user16,게시글 제목 31,"이 게시글은 예시 데이터를 생성하기 위해 작성되었습니다. 내용은 길게 생성되며, 다양한 정보와 의견을 포함하고 있습니다. 게시글 번호 31의 주제는 랜덤하게 설정되었으며, 사용자가 원하는 다양한 내용을 담을 수 있습니다. 이와 같은 게시글들은 보통 웹사이트나 커뮤니티에서 자주 볼 수 있는 형식이며, 실제 데이터를 기반으로 작성될 수 있습니다. 게시글은 내용이 길어질 수록 더 많은 정보를 전달하며, 이에 따라 조회수와 댓글 수도 증가할 수 있습니다.",2024-10-10,2024-04-07,923
32,user20,게시글 제목 32,"이 게시글은 예시 데이터를 생성하기 위해 작성되었습니다. 내용은 길게 생성되며, 다양한 정보와 의견을 포함하고 있습니다. 게시글 번호 32의 주제는 랜덤하게 설정되었으며, 사용자가 원하는 다양한 내용을 담을 수 있습니다. 이와 같은 게시글들은 보통 웹사이트나 커뮤니티에서 자주 볼 수 있는 형식이며, 실제 데이터를 기반으로 작성될 수 있습니다. 게시글은 내용이 길어질 수록 더 많은 정보를 전달하며, 이에 따라 조회수와 댓글 수도 증가할 수 있습니다.",2024-06-20,2024-06-02,448
33,user15,게시글 제목 33,"이 게시글은 예시 데이터를 생성하기 위해 작성되었습니다. 내용은 길게 생성되며, 다양한 정보와 의견을 포함하고 있습니다. 게시글 번호 33의 주제는 랜덤하게 설정되었으며, 사용자가 원하는 다양한 내용을 담을 수 있습니다. 이와 같은 게시글들은 보통 웹사이트나 커뮤니티에서 자주 볼 수 있는 형식이며, 실제 데이터를 기반으로 작성될 수 있습니다. 게시글은 내용이 길어질 수록 더 많은 정보를 전달하며, 이에 따라 조회수와 댓글 수도 증가할 수 있습니다.",2024-04-07,2024-03-26,127
34,user19,게시글 제목 34,"이 게시글은 예시 데이터를 생성하기 위해 작성되었습니다. 내용은 길게 생성되며, 다양한 정보와 의견을 포함하고 있습니다. 게시글 번호 34의 주제는 랜덤하게 설정되었으며, 사용자가 원하는 다양한 내용을 담을 수 있습니다. 이와 같은 게시글들은 보통 웹사이트나 커뮤니티에서 자주 볼 수 있는 형식이며, 실제 데이터를 기반으로 작성될 수 있습니다. 게시글은 내용이 길어질 수록 더 많은 정보를 전달하며, 이에 따라 조회수와 댓글 수도 증가할 수 있습니다.",2024-09-14,2024-07-24,458
35,user1,게시글 제목 35,"이 게시글은 예시 데이터를 생성하기 위해 작성되었습니다. 내용은 길게 생성되며, 다양한 정보와 의견을 포함하고 있습니다. 게시글 번호 35의 주제는 랜덤하게 설정되었으며, 사용자가 원하는 다양한 내용을 담을 수 있습니다. 이와 같은 게시글들은 보통 웹사이트나 커뮤니티에서 자주 볼 수 있는 형식이며, 실제 데이터를 기반으로 작성될 수 있습니다. 게시글은 내용이 길어질 수록 더 많은 정보를 전달하며, 이에 따라 조회수와 댓글 수도 증가할 수 있습니다.",2024-06-11,2024-08-19,310
36,user15,게시글 제목 36,"이 게시글은 예시 데이터를 생성하기 위해 작성되었습니다. 내용은 길게 생성되며, 다양한 정보와 의견을 포함하고 있습니다. 게시글 번호 36의 주제는 랜덤하게 설정되었으며, 사용자가 원하는 다양한 내용을 담을 수 있습니다. 이와 같은 게시글들은 보통 웹사이트나 커뮤니티에서 자주 볼 수 있는 형식이며, 실제 데이터를 기반으로 작성될 수 있습니다. 게시글은 내용이 길어질 수록 더 많은 정보를 전달하며, 이에 따라 조회수와 댓글 수도 증가할 수 있습니다.",2024-08-12,2024-10-11,583
37,user16,게시글 제목 37,"이 게시글은 예시 데이터를 생성하기 위해 작성되었습니다. 내용은 길게 생성되며, 다양한 정보와 의견을 포함하고 있습니다. 게시글 번호 37의 주제는 랜덤하게 설정되었으며, 사용자가 원하는 다양한 내용을 담을 수 있습니다. 이와 같은 게시글들은 보통 웹사이트나 커뮤니티에서 자주 볼 수 있는 형식이며, 실제 데이터를 기반으로 작성될 수 있습니다. 게시글은 내용이 길어질 수록 더 많은 정보를 전달하며, 이에 따라 조회수와 댓글 수도 증가할 수 있습니다.",2024-06-09,2024-07-09,707
38,user19,게시글 제목 38,"이 게시글은 예시 데이터를 생성하기 위해 작성되었습니다. 내용은 길게 생성되며, 다양한 정보와 의견을 포함하고 있습니다. 게시글 번호 38의 주제는 랜덤하게 설정되었으며, 사용자가 원하는 다양한 내용을 담을 수 있습니다. 이와 같은 게시글들은 보통 웹사이트나 커뮤니티에서 자주 볼 수 있는 형식이며, 실제 데이터를 기반으로 작성될 수 있습니다. 게시글은 내용이 길어질 수록 더 많은 정보를 전달하며, 이에 따라 조회수와 댓글 수도 증가할 수 있습니다.",2024-02-04,2023-12-10,57
39,user18,게시글 제목 39,"이 게시글은 예시 데이터를 생성하기 위해 작성되었습니다. 내용은 길게 생성되며, 다양한 정보와 의견을 포함하고 있습니다. 게시글 번호 39의 주제는 랜덤하게 설정되었으며, 사용자가 원하는 다양한 내용을 담을 수 있습니다. 이와 같은 게시글들은 보통 웹사이트나 커뮤니티에서 자주 볼 수 있는 형식이며, 실제 데이터를 기반으로 작성될 수 있습니다. 게시글은 내용이 길어질 수록 더 많은 정보를 전달하며, 이에 따라 조회수와 댓글 수도 증가할 수 있습니다.",2024-05-01,2024-06-13,987
40,user19,게시글 제목 40,"이 게시글은 예시 데이터를 생성하기 위해 작성되었습니다. 내용은 길게 생성되며, 다양한 정보와 의견을 포함하고 있습니다. 게시글 번호 40의 주제는 랜덤하게 설정되었으며, 사용자가 원하는 다양한 내용을 담을 수 있습니다. 이와 같은 게시글들은 보통 웹사이트나 커뮤니티에서 자주 볼 수 있는 형식이며, 실제 데이터를 기반으로 작성될 수 있습니다. 게시글은 내용이 길어질 수록 더 많은 정보를 전달하며, 이에 따라 조회수와 댓글 수도 증가할 수 있습니다.",2024-02-02,2024-02-15,166
41,user12,게시글 제목 41,"이 게시글은 예시 데이터를 생성하기 위해 작성되었습니다. 내용은 길게 생성되며, 다양한 정보와 의견을 포함하고 있습니다. 게시글 번호 41의 주제는 랜덤하게 설정되었으며, 사용자가 원하는 다양한 내용을 담을 수 있습니다. 이와 같은 게시글들은 보통 웹사이트나 커뮤니티에서 자주 볼 수 있는 형식이며, 실제 데이터를 기반으로 작성될 수 있습니다. 게시글은 내용이 길어질 수록 더 많은 정보를 전달하며, 이에 따라 조회수와 댓글 수도 증가할 수 있습니다.",2024-07-09,2024-09-12,828
42,user7,게시글 제목 42,"이 게시글은 예시 데이터를 생성하기 위해 작성되었습니다. 내용은 길게 생성되며, 다양한 정보와 의견을 포함하고 있습니다. 게시글 번호 42의 주제는 랜덤하게 설정되었으며, 사용자가 원하는 다양한 내용을 담을 수 있습니다. 이와 같은 게시글들은 보통 웹사이트나 커뮤니티에서 자주 볼 수 있는 형식이며, 실제 데이터를 기반으로 작성될 수 있습니다. 게시글은 내용이 길어질 수록 더 많은 정보를 전달하며, 이에 따라 조회수와 댓글 수도 증가할 수 있습니다.",2023-12-04,2024-09-26,421
43,user7,게시글 제목 43,"이 게시글은 예시 데이터를 생성하기 위해 작성되었습니다. 내용은 길게 생성되며, 다양한 정보와 의견을 포함하고 있습니다. 게시글 번호 43의 주제는 랜덤하게 설정되었으며, 사용자가 원하는 다양한 내용을 담을 수 있습니다. 이와 같은 게시글들은 보통 웹사이트나 커뮤니티에서 자주 볼 수 있는 형식이며, 실제 데이터를 기반으로 작성될 수 있습니다. 게시글은 내용이 길어질 수록 더 많은 정보를 전달하며, 이에 따라 조회수와 댓글 수도 증가할 수 있습니다.",2024-05-09,2024-09-24,611
44,user16,게시글 제목 44,"이 게시글은 예시 데이터를 생성하기 위해 작성되었습니다. 내용은 길게 생성되며, 다양한 정보와 의견을 포함하고 있습니다. 게시글 번호 44의 주제는 랜덤하게 설정되었으며, 사용자가 원하는 다양한 내용을 담을 수 있습니다. 이와 같은 게시글들은 보통 웹사이트나 커뮤니티에서 자주 볼 수 있는 형식이며, 실제 데이터를 기반으로 작성될 수 있습니다. 게시글은 내용이 길어질 수록 더 많은 정보를 전달하며, 이에 따라 조회수와 댓글 수도 증가할 수 있습니다.",2023-12-17,2024-03-26,555
45,user11,게시글 제목 45,"이 게시글은 예시 데이터를 생성하기 위해 작성되었습니다. 내용은 길게 생성되며, 다양한 정보와 의견을 포함하고 있습니다. 게시글 번호 45의 주제는 랜덤하게 설정되었으며, 사용자가 원하는 다양한 내용을 담을 수 있습니다. 이와 같은 게시글들은 보통 웹사이트나 커뮤니티에서 자주 볼 수 있는 형식이며, 실제 데이터를 기반으로 작성될 수 있습니다. 게시글은 내용이 길어질 수록 더 많은 정보를 전달하며, 이에 따라 조회수와 댓글 수도 증가할 수 있습니다.",2024-02-14,2024-08-27,595
46,user18,게시글 제목 46,"이 게시글은 예시 데이터를 생성하기 위해 작성되었습니다. 내용은 길게 생성되며, 다양한 정보와 의견을 포함하고 있습니다. 게시글 번호 46의 주제는 랜덤하게 설정되었으며, 사용자가 원하는 다양한 내용을 담을 수 있습니다. 이와 같은 게시글들은 보통 웹사이트나 커뮤니티에서 자주 볼 수 있는 형식이며, 실제 데이터를 기반으로 작성될 수 있습니다. 게시글은 내용이 길어질 수록 더 많은 정보를 전달하며, 이에 따라 조회수와 댓글 수도 증가할 수 있습니다.",2024-02-24,2024-06-04,88
47,user17,게시글 제목 47,"이 게시글은 예시 데이터를 생성하기 위해 작성되었습니다. 내용은 길게 생성되며, 다양한 정보와 의견을 포함하고 있습니다. 게시글 번호 47의 주제는 랜덤하게 설정되었으며, 사용자가 원하는 다양한 내용을 담을 수 있습니다. 이와 같은 게시글들은 보통 웹사이트나 커뮤니티에서 자주 볼 수 있는 형식이며, 실제 데이터를 기반으로 작성될 수 있습니다. 게시글은 내용이 길어질 수록 더 많은 정보를 전달하며, 이에 따라 조회수와 댓글 수도 증가할 수 있습니다.",2024-09-18,2024-01-20,776
48,user14,게시글 제목 48,"이 게시글은 예시 데이터를 생성하기 위해 작성되었습니다. 내용은 길게 생성되며, 다양한 정보와 의견을 포함하고 있습니다. 게시글 번호 48의 주제는 랜덤하게 설정되었으며, 사용자가 원하는 다양한 내용을 담을 수 있습니다. 이와 같은 게시글들은 보통 웹사이트나 커뮤니티에서 자주 볼 수 있는 형식이며, 실제 데이터를 기반으로 작성될 수 있습니다. 게시글은 내용이 길어질 수록 더 많은 정보를 전달하며, 이에 따라 조회수와 댓글 수도 증가할 수 있습니다.",2024-04-09,2024-10-09,541
49,user14,게시글 제목 49,"이 게시글은 예시 데이터를 생성하기 위해 작성되었습니다. 내용은 길게 생성되며, 다양한 정보와 의견을 포함하고 있습니다. 게시글 번호 49의 주제는 랜덤하게 설정되었으며, 사용자가 원하는 다양한 내용을 담을 수 있습니다. 이와 같은 게시글들은 보통 웹사이트나 커뮤니티에서 자주 볼 수 있는 형식이며, 실제 데이터를 기반으로 작성될 수 있습니다. 게시글은 내용이 길어질 수록 더 많은 정보를 전달하며, 이에 따라 조회수와 댓글 수도 증가할 수 있습니다.",2023-10-24,2023-12-22,571
50,user2,게시글 제목 50,"이 게시글은 예시 데이터를 생성하기 위해 작성되었습니다. 내용은 길게 생성되며, 다양한 정보와 의견을 포함하고 있습니다. 게시글 번호 50의 주제는 랜덤하게 설정되었으며, 사용자가 원하는 다양한 내용을 담을 수 있습니다. 이와 같은 게시글들은 보통 웹사이트나 커뮤니티에서 자주 볼 수 있는 형식이며, 실제 데이터를 기반으로 작성될 수 있습니다. 게시글은 내용이 길어질 수록 더 많은 정보를 전달하며, 이에 따라 조회수와 댓글 수도 증가할 수 있습니다.",2024-05-01,2024-05-12,260
51,user10,게시글 제목 51,"이 게시글은 예시 데이터를 생성하기 위해 작성되었습니다. 내용은 길게 생성되며, 다양한 정보와 의견을 포함하고 있습니다. 게시글 번호 51의 주제는 랜덤하게 설정되었으며, 사용자가 원하는 다양한 내용을 담을 수 있습니다. 이와 같은 게시글들은 보통 웹사이트나 커뮤니티에서 자주 볼 수 있는 형식이며, 실제 데이터를 기반으로 작성될 수 있습니다. 게시글은 내용이 길어질 수록 더 많은 정보를 전달하며, 이에 따라 조회수와 댓글 수도 증가할 수 있습니다.",2024-05-02,2024-05-09,432
52,user15,게시글 제목 52,"이 게시글은 예시 데이터를 생성하기 위해 작성되었습니다. 내용은 길게 생성되며, 다양한 정보와 의견을 포함하고 있습니다. 게시글 번호 52의 주제는 랜덤하게 설정되었으며, 사용자가 원하는 다양한 내용을 담을 수 있습니다. 이와 같은 게시글들은 보통 웹사이트나 커뮤니티에서 자주 볼 수 있는 형식이며, 실제 데이터를 기반으로 작성될 수 있습니다. 게시글은 내용이 길어질 수록 더 많은 정보를 전달하며, 이에 따라 조회수와 댓글 수도 증가할 수 있습니다.",2024-05-20,2024-06-25,332
53,user3,게시글 제목 53,"이 게시글은 예시 데이터를 생성하기 위해 작성되었습니다. 내용은 길게 생성되며, 다양한 정보와 의견을 포함하고 있습니다. 게시글 번호 53의 주제는 랜덤하게 설정되었으며, 사용자가 원하는 다양한 내용을 담을 수 있습니다. 이와 같은 게시글들은 보통 웹사이트나 커뮤니티에서 자주 볼 수 있는 형식이며, 실제 데이터를 기반으로 작성될 수 있습니다. 게시글은 내용이 길어질 수록 더 많은 정보를 전달하며, 이에 따라 조회수와 댓글 수도 증가할 수 있습니다.",2024-06-26,2023-11-13,692
54,user18,게시글 제목 54,"이 게시글은 예시 데이터를 생성하기 위해 작성되었습니다. 내용은 길게 생성되며, 다양한 정보와 의견을 포함하고 있습니다. 게시글 번호 54의 주제는 랜덤하게 설정되었으며, 사용자가 원하는 다양한 내용을 담을 수 있습니다. 이와 같은 게시글들은 보통 웹사이트나 커뮤니티에서 자주 볼 수 있는 형식이며, 실제 데이터를 기반으로 작성될 수 있습니다. 게시글은 내용이 길어질 수록 더 많은 정보를 전달하며, 이에 따라 조회수와 댓글 수도 증가할 수 있습니다.",2023-12-07,2024-07-15,217
55,user14,게시글 제목 55,"이 게시글은 예시 데이터를 생성하기 위해 작성되었습니다. 내용은 길게 생성되며, 다양한 정보와 의견을 포함하고 있습니다. 게시글 번호 55의 주제는 랜덤하게 설정되었으며, 사용자가 원하는 다양한 내용을 담을 수 있습니다. 이와 같은 게시글들은 보통 웹사이트나 커뮤니티에서 자주 볼 수 있는 형식이며, 실제 데이터를 기반으로 작성될 수 있습니다. 게시글은 내용이 길어질 수록 더 많은 정보를 전달하며, 이에 따라 조회수와 댓글 수도 증가할 수 있습니다.",2024-07-10,2024-05-15,780
56,user15,게시글 제목 56,"이 게시글은 예시 데이터를 생성하기 위해 작성되었습니다. 내용은 길게 생성되며, 다양한 정보와 의견을 포함하고 있습니다. 게시글 번호 56의 주제는 랜덤하게 설정되었으며, 사용자가 원하는 다양한 내용을 담을 수 있습니다. 이와 같은 게시글들은 보통 웹사이트나 커뮤니티에서 자주 볼 수 있는 형식이며, 실제 데이터를 기반으로 작성될 수 있습니다. 게시글은 내용이 길어질 수록 더 많은 정보를 전달하며, 이에 따라 조회수와 댓글 수도 증가할 수 있습니다.",2024-07-14,2024-09-22,542
57,user3,게시글 제목 57,"이 게시글은 예시 데이터를 생성하기 위해 작성되었습니다. 내용은 길게 생성되며, 다양한 정보와 의견을 포함하고 있습니다. 게시글 번호 57의 주제는 랜덤하게 설정되었으며, 사용자가 원하는 다양한 내용을 담을 수 있습니다. 이와 같은 게시글들은 보통 웹사이트나 커뮤니티에서 자주 볼 수 있는 형식이며, 실제 데이터를 기반으로 작성될 수 있습니다. 게시글은 내용이 길어질 수록 더 많은 정보를 전달하며, 이에 따라 조회수와 댓글 수도 증가할 수 있습니다.",2024-03-23,2023-11-02,420
58,user4,게시글 제목 58,"이 게시글은 예시 데이터를 생성하기 위해 작성되었습니다. 내용은 길게 생성되며, 다양한 정보와 의견을 포함하고 있습니다. 게시글 번호 58의 주제는 랜덤하게 설정되었으며, 사용자가 원하는 다양한 내용을 담을 수 있습니다. 이와 같은 게시글들은 보통 웹사이트나 커뮤니티에서 자주 볼 수 있는 형식이며, 실제 데이터를 기반으로 작성될 수 있습니다. 게시글은 내용이 길어질 수록 더 많은 정보를 전달하며, 이에 따라 조회수와 댓글 수도 증가할 수 있습니다.",2024-03-13,2024-03-17,170
59,user3,게시글 제목 59,"이 게시글은 예시 데이터를 생성하기 위해 작성되었습니다. 내용은 길게 생성되며, 다양한 정보와 의견을 포함하고 있습니다. 게시글 번호 59의 주제는 랜덤하게 설정되었으며, 사용자가 원하는 다양한 내용을 담을 수 있습니다. 이와 같은 게시글들은 보통 웹사이트나 커뮤니티에서 자주 볼 수 있는 형식이며, 실제 데이터를 기반으로 작성될 수 있습니다. 게시글은 내용이 길어질 수록 더 많은 정보를 전달하며, 이에 따라 조회수와 댓글 수도 증가할 수 있습니다.",2024-04-13,2024-05-24,403
60,user12,게시글 제목 60,"이 게시글은 예시 데이터를 생성하기 위해 작성되었습니다. 내용은 길게 생성되며, 다양한 정보와 의견을 포함하고 있습니다. 게시글 번호 60의 주제는 랜덤하게 설정되었으며, 사용자가 원하는 다양한 내용을 담을 수 있습니다. 이와 같은 게시글들은 보통 웹사이트나 커뮤니티에서 자주 볼 수 있는 형식이며, 실제 데이터를 기반으로 작성될 수 있습니다. 게시글은 내용이 길어질 수록 더 많은 정보를 전달하며, 이에 따라 조회수와 댓글 수도 증가할 수 있습니다.",2024-03-18,2024-06-29,109
61,user2,게시글 제목 61,"이 게시글은 예시 데이터를 생성하기 위해 작성되었습니다. 내용은 길게 생성되며, 다양한 정보와 의견을 포함하고 있습니다. 게시글 번호 61의 주제는 랜덤하게 설정되었으며, 사용자가 원하는 다양한 내용을 담을 수 있습니다. 이와 같은 게시글들은 보통 웹사이트나 커뮤니티에서 자주 볼 수 있는 형식이며, 실제 데이터를 기반으로 작성될 수 있습니다. 게시글은 내용이 길어질 수록 더 많은 정보를 전달하며, 이에 따라 조회수와 댓글 수도 증가할 수 있습니다.",2024-05-28,2024-07-30,604
62,user2,게시글 제목 62,"이 게시글은 예시 데이터를 생성하기 위해 작성되었습니다. 내용은 길게 생성되며, 다양한 정보와 의견을 포함하고 있습니다. 게시글 번호 62의 주제는 랜덤하게 설정되었으며, 사용자가 원하는 다양한 내용을 담을 수 있습니다. 이와 같은 게시글들은 보통 웹사이트나 커뮤니티에서 자주 볼 수 있는 형식이며, 실제 데이터를 기반으로 작성될 수 있습니다. 게시글은 내용이 길어질 수록 더 많은 정보를 전달하며, 이에 따라 조회수와 댓글 수도 증가할 수 있습니다.",2024-09-05,2024-08-18,577
63,user15,게시글 제목 63,"이 게시글은 예시 데이터를 생성하기 위해 작성되었습니다. 내용은 길게 생성되며, 다양한 정보와 의견을 포함하고 있습니다. 게시글 번호 63의 주제는 랜덤하게 설정되었으며, 사용자가 원하는 다양한 내용을 담을 수 있습니다. 이와 같은 게시글들은 보통 웹사이트나 커뮤니티에서 자주 볼 수 있는 형식이며, 실제 데이터를 기반으로 작성될 수 있습니다. 게시글은 내용이 길어질 수록 더 많은 정보를 전달하며, 이에 따라 조회수와 댓글 수도 증가할 수 있습니다.",2024-08-11,2024-10-07,903
64,user8,게시글 제목 64,"이 게시글은 예시 데이터를 생성하기 위해 작성되었습니다. 내용은 길게 생성되며, 다양한 정보와 의견을 포함하고 있습니다. 게시글 번호 64의 주제는 랜덤하게 설정되었으며, 사용자가 원하는 다양한 내용을 담을 수 있습니다. 이와 같은 게시글들은 보통 웹사이트나 커뮤니티에서 자주 볼 수 있는 형식이며, 실제 데이터를 기반으로 작성될 수 있습니다. 게시글은 내용이 길어질 수록 더 많은 정보를 전달하며, 이에 따라 조회수와 댓글 수도 증가할 수 있습니다.",2024-04-23,2024-08-07,458
65,user18,게시글 제목 65,"이 게시글은 예시 데이터를 생성하기 위해 작성되었습니다. 내용은 길게 생성되며, 다양한 정보와 의견을 포함하고 있습니다. 게시글 번호 65의 주제는 랜덤하게 설정되었으며, 사용자가 원하는 다양한 내용을 담을 수 있습니다. 이와 같은 게시글들은 보통 웹사이트나 커뮤니티에서 자주 볼 수 있는 형식이며, 실제 데이터를 기반으로 작성될 수 있습니다. 게시글은 내용이 길어질 수록 더 많은 정보를 전달하며, 이에 따라 조회수와 댓글 수도 증가할 수 있습니다.",2024-10-17,2024-08-24,681
66,user1,게시글 제목 66,"이 게시글은 예시 데이터를 생성하기 위해 작성되었습니다. 내용은 길게 생성되며, 다양한 정보와 의견을 포함하고 있습니다. 게시글 번호 66의 주제는 랜덤하게 설정되었으며, 사용자가 원하는 다양한 내용을 담을 수 있습니다. 이와 같은 게시글들은 보통 웹사이트나 커뮤니티에서 자주 볼 수 있는 형식이며, 실제 데이터를 기반으로 작성될 수 있습니다. 게시글은 내용이 길어질 수록 더 많은 정보를 전달하며, 이에 따라 조회수와 댓글 수도 증가할 수 있습니다.",2023-11-16,2024-01-13,945
67,user15,게시글 제목 67,"이 게시글은 예시 데이터를 생성하기 위해 작성되었습니다. 내용은 길게 생성되며, 다양한 정보와 의견을 포함하고 있습니다. 게시글 번호 67의 주제는 랜덤하게 설정되었으며, 사용자가 원하는 다양한 내용을 담을 수 있습니다. 이와 같은 게시글들은 보통 웹사이트나 커뮤니티에서 자주 볼 수 있는 형식이며, 실제 데이터를 기반으로 작성될 수 있습니다. 게시글은 내용이 길어질 수록 더 많은 정보를 전달하며, 이에 따라 조회수와 댓글 수도 증가할 수 있습니다.",2024-06-16,2024-02-09,147
68,user14,게시글 제목 68,"이 게시글은 예시 데이터를 생성하기 위해 작성되었습니다. 내용은 길게 생성되며, 다양한 정보와 의견을 포함하고 있습니다. 게시글 번호 68의 주제는 랜덤하게 설정되었으며, 사용자가 원하는 다양한 내용을 담을 수 있습니다. 이와 같은 게시글들은 보통 웹사이트나 커뮤니티에서 자주 볼 수 있는 형식이며, 실제 데이터를 기반으로 작성될 수 있습니다. 게시글은 내용이 길어질 수록 더 많은 정보를 전달하며, 이에 따라 조회수와 댓글 수도 증가할 수 있습니다.",2024-02-27,2024-04-18,787
69,user6,게시글 제목 69,"이 게시글은 예시 데이터를 생성하기 위해 작성되었습니다. 내용은 길게 생성되며, 다양한 정보와 의견을 포함하고 있습니다. 게시글 번호 69의 주제는 랜덤하게 설정되었으며, 사용자가 원하는 다양한 내용을 담을 수 있습니다. 이와 같은 게시글들은 보통 웹사이트나 커뮤니티에서 자주 볼 수 있는 형식이며, 실제 데이터를 기반으로 작성될 수 있습니다. 게시글은 내용이 길어질 수록 더 많은 정보를 전달하며, 이에 따라 조회수와 댓글 수도 증가할 수 있습니다.",2024-06-22,2023-10-24,225
70,user18,게시글 제목 70,"이 게시글은 예시 데이터를 생성하기 위해 작성되었습니다. 내용은 길게 생성되며, 다양한 정보와 의견을 포함하고 있습니다. 게시글 번호 70의 주제는 랜덤하게 설정되었으며, 사용자가 원하는 다양한 내용을 담을 수 있습니다. 이와 같은 게시글들은 보통 웹사이트나 커뮤니티에서 자주 볼 수 있는 형식이며, 실제 데이터를 기반으로 작성될 수 있습니다. 게시글은 내용이 길어질 수록 더 많은 정보를 전달하며, 이에 따라 조회수와 댓글 수도 증가할 수 있습니다.",2024-02-13,2024-06-30,484
71,user15,게시글 제목 71,"이 게시글은 예시 데이터를 생성하기 위해 작성되었습니다. 내용은 길게 생성되며, 다양한 정보와 의견을 포함하고 있습니다. 게시글 번호 71의 주제는 랜덤하게 설정되었으며, 사용자가 원하는 다양한 내용을 담을 수 있습니다. 이와 같은 게시글들은 보통 웹사이트나 커뮤니티에서 자주 볼 수 있는 형식이며, 실제 데이터를 기반으로 작성될 수 있습니다. 게시글은 내용이 길어질 수록 더 많은 정보를 전달하며, 이에 따라 조회수와 댓글 수도 증가할 수 있습니다.",2024-05-23,2024-04-27,928
72,user6,게시글 제목 72,"이 게시글은 예시 데이터를 생성하기 위해 작성되었습니다. 내용은 길게 생성되며, 다양한 정보와 의견을 포함하고 있습니다. 게시글 번호 72의 주제는 랜덤하게 설정되었으며, 사용자가 원하는 다양한 내용을 담을 수 있습니다. 이와 같은 게시글들은 보통 웹사이트나 커뮤니티에서 자주 볼 수 있는 형식이며, 실제 데이터를 기반으로 작성될 수 있습니다. 게시글은 내용이 길어질 수록 더 많은 정보를 전달하며, 이에 따라 조회수와 댓글 수도 증가할 수 있습니다.",2024-03-13,2024-04-24,473
73,user19,게시글 제목 73,"이 게시글은 예시 데이터를 생성하기 위해 작성되었습니다. 내용은 길게 생성되며, 다양한 정보와 의견을 포함하고 있습니다. 게시글 번호 73의 주제는 랜덤하게 설정되었으며, 사용자가 원하는 다양한 내용을 담을 수 있습니다. 이와 같은 게시글들은 보통 웹사이트나 커뮤니티에서 자주 볼 수 있는 형식이며, 실제 데이터를 기반으로 작성될 수 있습니다. 게시글은 내용이 길어질 수록 더 많은 정보를 전달하며, 이에 따라 조회수와 댓글 수도 증가할 수 있습니다.",2024-02-11,2024-07-31,676
74,user20,게시글 제목 74,"이 게시글은 예시 데이터를 생성하기 위해 작성되었습니다. 내용은 길게 생성되며, 다양한 정보와 의견을 포함하고 있습니다. 게시글 번호 74의 주제는 랜덤하게 설정되었으며, 사용자가 원하는 다양한 내용을 담을 수 있습니다. 이와 같은 게시글들은 보통 웹사이트나 커뮤니티에서 자주 볼 수 있는 형식이며, 실제 데이터를 기반으로 작성될 수 있습니다. 게시글은 내용이 길어질 수록 더 많은 정보를 전달하며, 이에 따라 조회수와 댓글 수도 증가할 수 있습니다.",2024-08-22,2024-04-30,311
75,user13,게시글 제목 75,"이 게시글은 예시 데이터를 생성하기 위해 작성되었습니다. 내용은 길게 생성되며, 다양한 정보와 의견을 포함하고 있습니다. 게시글 번호 75의 주제는 랜덤하게 설정되었으며, 사용자가 원하는 다양한 내용을 담을 수 있습니다. 이와 같은 게시글들은 보통 웹사이트나 커뮤니티에서 자주 볼 수 있는 형식이며, 실제 데이터를 기반으로 작성될 수 있습니다. 게시글은 내용이 길어질 수록 더 많은 정보를 전달하며, 이에 따라 조회수와 댓글 수도 증가할 수 있습니다.",2024-02-24,2024-05-13,825
76,user10,게시글 제목 76,"이 게시글은 예시 데이터를 생성하기 위해 작성되었습니다. 내용은 길게 생성되며, 다양한 정보와 의견을 포함하고 있습니다. 게시글 번호 76의 주제는 랜덤하게 설정되었으며, 사용자가 원하는 다양한 내용을 담을 수 있습니다. 이와 같은 게시글들은 보통 웹사이트나 커뮤니티에서 자주 볼 수 있는 형식이며, 실제 데이터를 기반으로 작성될 수 있습니다. 게시글은 내용이 길어질 수록 더 많은 정보를 전달하며, 이에 따라 조회수와 댓글 수도 증가할 수 있습니다.",2024-02-19,2024-06-04,152
77,user2,게시글 제목 77,"이 게시글은 예시 데이터를 생성하기 위해 작성되었습니다. 내용은 길게 생성되며, 다양한 정보와 의견을 포함하고 있습니다. 게시글 번호 77의 주제는 랜덤하게 설정되었으며, 사용자가 원하는 다양한 내용을 담을 수 있습니다. 이와 같은 게시글들은 보통 웹사이트나 커뮤니티에서 자주 볼 수 있는 형식이며, 실제 데이터를 기반으로 작성될 수 있습니다. 게시글은 내용이 길어질 수록 더 많은 정보를 전달하며, 이에 따라 조회수와 댓글 수도 증가할 수 있습니다.",2023-12-31,2023-11-21,706
78,user4,게시글 제목 78,"이 게시글은 예시 데이터를 생성하기 위해 작성되었습니다. 내용은 길게 생성되며, 다양한 정보와 의견을 포함하고 있습니다. 게시글 번호 78의 주제는 랜덤하게 설정되었으며, 사용자가 원하는 다양한 내용을 담을 수 있습니다. 이와 같은 게시글들은 보통 웹사이트나 커뮤니티에서 자주 볼 수 있는 형식이며, 실제 데이터를 기반으로 작성될 수 있습니다. 게시글은 내용이 길어질 수록 더 많은 정보를 전달하며, 이에 따라 조회수와 댓글 수도 증가할 수 있습니다.",2024-03-04,2024-07-11,519
79,user2,게시글 제목 79,"이 게시글은 예시 데이터를 생성하기 위해 작성되었습니다. 내용은 길게 생성되며, 다양한 정보와 의견을 포함하고 있습니다. 게시글 번호 79의 주제는 랜덤하게 설정되었으며, 사용자가 원하는 다양한 내용을 담을 수 있습니다. 이와 같은 게시글들은 보통 웹사이트나 커뮤니티에서 자주 볼 수 있는 형식이며, 실제 데이터를 기반으로 작성될 수 있습니다. 게시글은 내용이 길어질 수록 더 많은 정보를 전달하며, 이에 따라 조회수와 댓글 수도 증가할 수 있습니다.",2024-10-16,2023-10-27,685
80,user17,게시글 제목 80,"이 게시글은 예시 데이터를 생성하기 위해 작성되었습니다. 내용은 길게 생성되며, 다양한 정보와 의견을 포함하고 있습니다. 게시글 번호 80의 주제는 랜덤하게 설정되었으며, 사용자가 원하는 다양한 내용을 담을 수 있습니다. 이와 같은 게시글들은 보통 웹사이트나 커뮤니티에서 자주 볼 수 있는 형식이며, 실제 데이터를 기반으로 작성될 수 있습니다. 게시글은 내용이 길어질 수록 더 많은 정보를 전달하며, 이에 따라 조회수와 댓글 수도 증가할 수 있습니다.",2024-01-01,2023-11-14,282
81,user7,게시글 제목 81,"이 게시글은 예시 데이터를 생성하기 위해 작성되었습니다. 내용은 길게 생성되며, 다양한 정보와 의견을 포함하고 있습니다. 게시글 번호 81의 주제는 랜덤하게 설정되었으며, 사용자가 원하는 다양한 내용을 담을 수 있습니다. 이와 같은 게시글들은 보통 웹사이트나 커뮤니티에서 자주 볼 수 있는 형식이며, 실제 데이터를 기반으로 작성될 수 있습니다. 게시글은 내용이 길어질 수록 더 많은 정보를 전달하며, 이에 따라 조회수와 댓글 수도 증가할 수 있습니다.",2024-05-28,2024-04-12,104
82,user1,게시글 제목 82,"이 게시글은 예시 데이터를 생성하기 위해 작성되었습니다. 내용은 길게 생성되며, 다양한 정보와 의견을 포함하고 있습니다. 게시글 번호 82의 주제는 랜덤하게 설정되었으며, 사용자가 원하는 다양한 내용을 담을 수 있습니다. 이와 같은 게시글들은 보통 웹사이트나 커뮤니티에서 자주 볼 수 있는 형식이며, 실제 데이터를 기반으로 작성될 수 있습니다. 게시글은 내용이 길어질 수록 더 많은 정보를 전달하며, 이에 따라 조회수와 댓글 수도 증가할 수 있습니다.",2024-02-27,2024-05-15,439
83,user12,게시글 제목 83,"이 게시글은 예시 데이터를 생성하기 위해 작성되었습니다. 내용은 길게 생성되며, 다양한 정보와 의견을 포함하고 있습니다. 게시글 번호 83의 주제는 랜덤하게 설정되었으며, 사용자가 원하는 다양한 내용을 담을 수 있습니다. 이와 같은 게시글들은 보통 웹사이트나 커뮤니티에서 자주 볼 수 있는 형식이며, 실제 데이터를 기반으로 작성될 수 있습니다. 게시글은 내용이 길어질 수록 더 많은 정보를 전달하며, 이에 따라 조회수와 댓글 수도 증가할 수 있습니다.",2024-06-16,2023-11-09,252
84,user5,게시글 제목 84,"이 게시글은 예시 데이터를 생성하기 위해 작성되었습니다. 내용은 길게 생성되며, 다양한 정보와 의견을 포함하고 있습니다. 게시글 번호 84의 주제는 랜덤하게 설정되었으며, 사용자가 원하는 다양한 내용을 담을 수 있습니다. 이와 같은 게시글들은 보통 웹사이트나 커뮤니티에서 자주 볼 수 있는 형식이며, 실제 데이터를 기반으로 작성될 수 있습니다. 게시글은 내용이 길어질 수록 더 많은 정보를 전달하며, 이에 따라 조회수와 댓글 수도 증가할 수 있습니다.",2024-05-23,2024-07-01,463
85,user8,게시글 제목 85,"이 게시글은 예시 데이터를 생성하기 위해 작성되었습니다. 내용은 길게 생성되며, 다양한 정보와 의견을 포함하고 있습니다. 게시글 번호 85의 주제는 랜덤하게 설정되었으며, 사용자가 원하는 다양한 내용을 담을 수 있습니다. 이와 같은 게시글들은 보통 웹사이트나 커뮤니티에서 자주 볼 수 있는 형식이며, 실제 데이터를 기반으로 작성될 수 있습니다. 게시글은 내용이 길어질 수록 더 많은 정보를 전달하며, 이에 따라 조회수와 댓글 수도 증가할 수 있습니다.",2024-03-01,2023-12-19,560
86,user16,게시글 제목 86,"이 게시글은 예시 데이터를 생성하기 위해 작성되었습니다. 내용은 길게 생성되며, 다양한 정보와 의견을 포함하고 있습니다. 게시글 번호 86의 주제는 랜덤하게 설정되었으며, 사용자가 원하는 다양한 내용을 담을 수 있습니다. 이와 같은 게시글들은 보통 웹사이트나 커뮤니티에서 자주 볼 수 있는 형식이며, 실제 데이터를 기반으로 작성될 수 있습니다. 게시글은 내용이 길어질 수록 더 많은 정보를 전달하며, 이에 따라 조회수와 댓글 수도 증가할 수 있습니다.",2024-10-03,2024-10-07,16
87,user13,게시글 제목 87,"이 게시글은 예시 데이터를 생성하기 위해 작성되었습니다. 내용은 길게 생성되며, 다양한 정보와 의견을 포함하고 있습니다. 게시글 번호 87의 주제는 랜덤하게 설정되었으며, 사용자가 원하는 다양한 내용을 담을 수 있습니다. 이와 같은 게시글들은 보통 웹사이트나 커뮤니티에서 자주 볼 수 있는 형식이며, 실제 데이터를 기반으로 작성될 수 있습니다. 게시글은 내용이 길어질 수록 더 많은 정보를 전달하며, 이에 따라 조회수와 댓글 수도 증가할 수 있습니다.",2024-04-13,2024-07-13,851
88,user15,게시글 제목 88,"이 게시글은 예시 데이터를 생성하기 위해 작성되었습니다. 내용은 길게 생성되며, 다양한 정보와 의견을 포함하고 있습니다. 게시글 번호 88의 주제는 랜덤하게 설정되었으며, 사용자가 원하는 다양한 내용을 담을 수 있습니다. 이와 같은 게시글들은 보통 웹사이트나 커뮤니티에서 자주 볼 수 있는 형식이며, 실제 데이터를 기반으로 작성될 수 있습니다. 게시글은 내용이 길어질 수록 더 많은 정보를 전달하며, 이에 따라 조회수와 댓글 수도 증가할 수 있습니다.",2024-03-30,2023-11-04,57
89,user10,게시글 제목 89,"이 게시글은 예시 데이터를 생성하기 위해 작성되었습니다. 내용은 길게 생성되며, 다양한 정보와 의견을 포함하고 있습니다. 게시글 번호 89의 주제는 랜덤하게 설정되었으며, 사용자가 원하는 다양한 내용을 담을 수 있습니다. 이와 같은 게시글들은 보통 웹사이트나 커뮤니티에서 자주 볼 수 있는 형식이며, 실제 데이터를 기반으로 작성될 수 있습니다. 게시글은 내용이 길어질 수록 더 많은 정보를 전달하며, 이에 따라 조회수와 댓글 수도 증가할 수 있습니다.",2023-11-30,2024-09-30,633
90,user16,게시글 제목 90,"이 게시글은 예시 데이터를 생성하기 위해 작성되었습니다. 내용은 길게 생성되며, 다양한 정보와 의견을 포함하고 있습니다. 게시글 번호 90의 주제는 랜덤하게 설정되었으며, 사용자가 원하는 다양한 내용을 담을 수 있습니다. 이와 같은 게시글들은 보통 웹사이트나 커뮤니티에서 자주 볼 수 있는 형식이며, 실제 데이터를 기반으로 작성될 수 있습니다. 게시글은 내용이 길어질 수록 더 많은 정보를 전달하며, 이에 따라 조회수와 댓글 수도 증가할 수 있습니다.",2024-04-17,2023-12-11,959
91,user9,게시글 제목 91,"이 게시글은 예시 데이터를 생성하기 위해 작성되었습니다. 내용은 길게 생성되며, 다양한 정보와 의견을 포함하고 있습니다. 게시글 번호 91의 주제는 랜덤하게 설정되었으며, 사용자가 원하는 다양한 내용을 담을 수 있습니다. 이와 같은 게시글들은 보통 웹사이트나 커뮤니티에서 자주 볼 수 있는 형식이며, 실제 데이터를 기반으로 작성될 수 있습니다. 게시글은 내용이 길어질 수록 더 많은 정보를 전달하며, 이에 따라 조회수와 댓글 수도 증가할 수 있습니다.",2024-05-08,2024-10-06,163
92,user17,게시글 제목 92,"이 게시글은 예시 데이터를 생성하기 위해 작성되었습니다. 내용은 길게 생성되며, 다양한 정보와 의견을 포함하고 있습니다. 게시글 번호 92의 주제는 랜덤하게 설정되었으며, 사용자가 원하는 다양한 내용을 담을 수 있습니다. 이와 같은 게시글들은 보통 웹사이트나 커뮤니티에서 자주 볼 수 있는 형식이며, 실제 데이터를 기반으로 작성될 수 있습니다. 게시글은 내용이 길어질 수록 더 많은 정보를 전달하며, 이에 따라 조회수와 댓글 수도 증가할 수 있습니다.",2024-04-16,2024-06-11,861
93,user9,게시글 제목 93,"이 게시글은 예시 데이터를 생성하기 위해 작성되었습니다. 내용은 길게 생성되며, 다양한 정보와 의견을 포함하고 있습니다. 게시글 번호 93의 주제는 랜덤하게 설정되었으며, 사용자가 원하는 다양한 내용을 담을 수 있습니다. 이와 같은 게시글들은 보통 웹사이트나 커뮤니티에서 자주 볼 수 있는 형식이며, 실제 데이터를 기반으로 작성될 수 있습니다. 게시글은 내용이 길어질 수록 더 많은 정보를 전달하며, 이에 따라 조회수와 댓글 수도 증가할 수 있습니다.",2024-10-23,2024-03-09,362
94,user6,게시글 제목 94,"이 게시글은 예시 데이터를 생성하기 위해 작성되었습니다. 내용은 길게 생성되며, 다양한 정보와 의견을 포함하고 있습니다. 게시글 번호 94의 주제는 랜덤하게 설정되었으며, 사용자가 원하는 다양한 내용을 담을 수 있습니다. 이와 같은 게시글들은 보통 웹사이트나 커뮤니티에서 자주 볼 수 있는 형식이며, 실제 데이터를 기반으로 작성될 수 있습니다. 게시글은 내용이 길어질 수록 더 많은 정보를 전달하며, 이에 따라 조회수와 댓글 수도 증가할 수 있습니다.",2023-11-25,2024-06-27,677
95,user6,게시글 제목 95,"이 게시글은 예시 데이터를 생성하기 위해 작성되었습니다. 내용은 길게 생성되며, 다양한 정보와 의견을 포함하고 있습니다. 게시글 번호 95의 주제는 랜덤하게 설정되었으며, 사용자가 원하는 다양한 내용을 담을 수 있습니다. 이와 같은 게시글들은 보통 웹사이트나 커뮤니티에서 자주 볼 수 있는 형식이며, 실제 데이터를 기반으로 작성될 수 있습니다. 게시글은 내용이 길어질 수록 더 많은 정보를 전달하며, 이에 따라 조회수와 댓글 수도 증가할 수 있습니다.",2023-12-06,2024-09-16,952
96,user17,게시글 제목 96,"이 게시글은 예시 데이터를 생성하기 위해 작성되었습니다. 내용은 길게 생성되며, 다양한 정보와 의견을 포함하고 있습니다. 게시글 번호 96의 주제는 랜덤하게 설정되었으며, 사용자가 원하는 다양한 내용을 담을 수 있습니다. 이와 같은 게시글들은 보통 웹사이트나 커뮤니티에서 자주 볼 수 있는 형식이며, 실제 데이터를 기반으로 작성될 수 있습니다. 게시글은 내용이 길어질 수록 더 많은 정보를 전달하며, 이에 따라 조회수와 댓글 수도 증가할 수 있습니다.",2024-10-03,2024-08-26,560
97,user11,게시글 제목 97,"이 게시글은 예시 데이터를 생성하기 위해 작성되었습니다. 내용은 길게 생성되며, 다양한 정보와 의견을 포함하고 있습니다. 게시글 번호 97의 주제는 랜덤하게 설정되었으며, 사용자가 원하는 다양한 내용을 담을 수 있습니다. 이와 같은 게시글들은 보통 웹사이트나 커뮤니티에서 자주 볼 수 있는 형식이며, 실제 데이터를 기반으로 작성될 수 있습니다. 게시글은 내용이 길어질 수록 더 많은 정보를 전달하며, 이에 따라 조회수와 댓글 수도 증가할 수 있습니다.",2024-04-03,2024-06-11,89
98,user3,게시글 제목 98,"이 게시글은 예시 데이터를 생성하기 위해 작성되었습니다. 내용은 길게 생성되며, 다양한 정보와 의견을 포함하고 있습니다. 게시글 번호 98의 주제는 랜덤하게 설정되었으며, 사용자가 원하는 다양한 내용을 담을 수 있습니다. 이와 같은 게시글들은 보통 웹사이트나 커뮤니티에서 자주 볼 수 있는 형식이며, 실제 데이터를 기반으로 작성될 수 있습니다. 게시글은 내용이 길어질 수록 더 많은 정보를 전달하며, 이에 따라 조회수와 댓글 수도 증가할 수 있습니다.",2024-06-21,2024-07-23,457
99,user20,게시글 제목 99,"이 게시글은 예시 데이터를 생성하기 위해 작성되었습니다. 내용은 길게 생성되며, 다양한 정보와 의견을 포함하고 있습니다. 게시글 번호 99의 주제는 랜덤하게 설정되었으며, 사용자가 원하는 다양한 내용을 담을 수 있습니다. 이와 같은 게시글들은 보통 웹사이트나 커뮤니티에서 자주 볼 수 있는 형식이며, 실제 데이터를 기반으로 작성될 수 있습니다. 게시글은 내용이 길어질 수록 더 많은 정보를 전달하며, 이에 따라 조회수와 댓글 수도 증가할 수 있습니다.",2024-02-03,2024-04-06,368
100,user5,게시글 제목 100,"이 게시글은 예시 데이터를 생성하기 위해 작성되었습니다. 내용은 길게 생성되며, 다양한 정보와 의견을 포함하고 있습니다. 게시글 번호 100의 주제는 랜덤하게 설정되었으며, 사용자가 원하는 다양한 내용을 담을 수 있습니다. 이와 같은 게시글들은 보통 웹사이트나 커뮤니티에서 자주 볼 수 있는 형식이며, 실제 데이터를 기반으로 작성될 수 있습니다. 게시글은 내용이 길어질 수록 더 많은 정보를 전달하며, 이에 따라 조회수와 댓글 수도 증가할 수 있습니다.",2024-05-25,2024-01-06,861
101,user13,게시글 제목 101,"이 게시글은 예시 데이터를 생성하기 위해 작성되었습니다. 내용은 길게 생성되며, 다양한 정보와 의견을 포함하고 있습니다. 게시글 번호 101의 주제는 랜덤하게 설정되었으며, 사용자가 원하는 다양한 내용을 담을 수 있습니다. 이와 같은 게시글들은 보통 웹사이트나 커뮤니티에서 자주 볼 수 있는 형식이며, 실제 데이터를 기반으로 작성될 수 있습니다. 게시글은 내용이 길어질 수록 더 많은 정보를 전달하며, 이에 따라 조회수와 댓글 수도 증가할 수 있습니다.",2024-07-06,2024-05-31,964
102,user16,게시글 제목 102,"이 게시글은 예시 데이터를 생성하기 위해 작성되었습니다. 내용은 길게 생성되며, 다양한 정보와 의견을 포함하고 있습니다. 게시글 번호 102의 주제는 랜덤하게 설정되었으며, 사용자가 원하는 다양한 내용을 담을 수 있습니다. 이와 같은 게시글들은 보통 웹사이트나 커뮤니티에서 자주 볼 수 있는 형식이며, 실제 데이터를 기반으로 작성될 수 있습니다. 게시글은 내용이 길어질 수록 더 많은 정보를 전달하며, 이에 따라 조회수와 댓글 수도 증가할 수 있습니다.",2024-08-24,2024-04-27,695
103,user8,게시글 제목 103,"이 게시글은 예시 데이터를 생성하기 위해 작성되었습니다. 내용은 길게 생성되며, 다양한 정보와 의견을 포함하고 있습니다. 게시글 번호 103의 주제는 랜덤하게 설정되었으며, 사용자가 원하는 다양한 내용을 담을 수 있습니다. 이와 같은 게시글들은 보통 웹사이트나 커뮤니티에서 자주 볼 수 있는 형식이며, 실제 데이터를 기반으로 작성될 수 있습니다. 게시글은 내용이 길어질 수록 더 많은 정보를 전달하며, 이에 따라 조회수와 댓글 수도 증가할 수 있습니다.",2024-09-14,2023-11-02,702
104,user10,게시글 제목 104,"이 게시글은 예시 데이터를 생성하기 위해 작성되었습니다. 내용은 길게 생성되며, 다양한 정보와 의견을 포함하고 있습니다. 게시글 번호 104의 주제는 랜덤하게 설정되었으며, 사용자가 원하는 다양한 내용을 담을 수 있습니다. 이와 같은 게시글들은 보통 웹사이트나 커뮤니티에서 자주 볼 수 있는 형식이며, 실제 데이터를 기반으로 작성될 수 있습니다. 게시글은 내용이 길어질 수록 더 많은 정보를 전달하며, 이에 따라 조회수와 댓글 수도 증가할 수 있습니다.",2024-07-06,2024-04-18,364
105,user9,게시글 제목 105,"이 게시글은 예시 데이터를 생성하기 위해 작성되었습니다. 내용은 길게 생성되며, 다양한 정보와 의견을 포함하고 있습니다. 게시글 번호 105의 주제는 랜덤하게 설정되었으며, 사용자가 원하는 다양한 내용을 담을 수 있습니다. 이와 같은 게시글들은 보통 웹사이트나 커뮤니티에서 자주 볼 수 있는 형식이며, 실제 데이터를 기반으로 작성될 수 있습니다. 게시글은 내용이 길어질 수록 더 많은 정보를 전달하며, 이에 따라 조회수와 댓글 수도 증가할 수 있습니다.",2023-11-26,2023-12-29,812
106,user3,게시글 제목 106,"이 게시글은 예시 데이터를 생성하기 위해 작성되었습니다. 내용은 길게 생성되며, 다양한 정보와 의견을 포함하고 있습니다. 게시글 번호 106의 주제는 랜덤하게 설정되었으며, 사용자가 원하는 다양한 내용을 담을 수 있습니다. 이와 같은 게시글들은 보통 웹사이트나 커뮤니티에서 자주 볼 수 있는 형식이며, 실제 데이터를 기반으로 작성될 수 있습니다. 게시글은 내용이 길어질 수록 더 많은 정보를 전달하며, 이에 따라 조회수와 댓글 수도 증가할 수 있습니다.",2023-12-11,2023-12-18,690
107,user16,게시글 제목 107,"이 게시글은 예시 데이터를 생성하기 위해 작성되었습니다. 내용은 길게 생성되며, 다양한 정보와 의견을 포함하고 있습니다. 게시글 번호 107의 주제는 랜덤하게 설정되었으며, 사용자가 원하는 다양한 내용을 담을 수 있습니다. 이와 같은 게시글들은 보통 웹사이트나 커뮤니티에서 자주 볼 수 있는 형식이며, 실제 데이터를 기반으로 작성될 수 있습니다. 게시글은 내용이 길어질 수록 더 많은 정보를 전달하며, 이에 따라 조회수와 댓글 수도 증가할 수 있습니다.",2024-04-07,2024-09-24,168
108,user2,게시글 제목 108,"이 게시글은 예시 데이터를 생성하기 위해 작성되었습니다. 내용은 길게 생성되며, 다양한 정보와 의견을 포함하고 있습니다. 게시글 번호 108의 주제는 랜덤하게 설정되었으며, 사용자가 원하는 다양한 내용을 담을 수 있습니다. 이와 같은 게시글들은 보통 웹사이트나 커뮤니티에서 자주 볼 수 있는 형식이며, 실제 데이터를 기반으로 작성될 수 있습니다. 게시글은 내용이 길어질 수록 더 많은 정보를 전달하며, 이에 따라 조회수와 댓글 수도 증가할 수 있습니다.",2023-12-23,2024-01-12,210
109,user10,게시글 제목 109,"이 게시글은 예시 데이터를 생성하기 위해 작성되었습니다. 내용은 길게 생성되며, 다양한 정보와 의견을 포함하고 있습니다. 게시글 번호 109의 주제는 랜덤하게 설정되었으며, 사용자가 원하는 다양한 내용을 담을 수 있습니다. 이와 같은 게시글들은 보통 웹사이트나 커뮤니티에서 자주 볼 수 있는 형식이며, 실제 데이터를 기반으로 작성될 수 있습니다. 게시글은 내용이 길어질 수록 더 많은 정보를 전달하며, 이에 따라 조회수와 댓글 수도 증가할 수 있습니다.",2023-11-05,2024-10-04,893
110,user3,게시글 제목 110,"이 게시글은 예시 데이터를 생성하기 위해 작성되었습니다. 내용은 길게 생성되며, 다양한 정보와 의견을 포함하고 있습니다. 게시글 번호 110의 주제는 랜덤하게 설정되었으며, 사용자가 원하는 다양한 내용을 담을 수 있습니다. 이와 같은 게시글들은 보통 웹사이트나 커뮤니티에서 자주 볼 수 있는 형식이며, 실제 데이터를 기반으로 작성될 수 있습니다. 게시글은 내용이 길어질 수록 더 많은 정보를 전달하며, 이에 따라 조회수와 댓글 수도 증가할 수 있습니다.",2024-08-10,2024-07-10,435
111,user7,게시글 제목 111,"이 게시글은 예시 데이터를 생성하기 위해 작성되었습니다. 내용은 길게 생성되며, 다양한 정보와 의견을 포함하고 있습니다. 게시글 번호 111의 주제는 랜덤하게 설정되었으며, 사용자가 원하는 다양한 내용을 담을 수 있습니다. 이와 같은 게시글들은 보통 웹사이트나 커뮤니티에서 자주 볼 수 있는 형식이며, 실제 데이터를 기반으로 작성될 수 있습니다. 게시글은 내용이 길어질 수록 더 많은 정보를 전달하며, 이에 따라 조회수와 댓글 수도 증가할 수 있습니다.",2024-04-16,2024-04-14,160
112,user16,게시글 제목 112,"이 게시글은 예시 데이터를 생성하기 위해 작성되었습니다. 내용은 길게 생성되며, 다양한 정보와 의견을 포함하고 있습니다. 게시글 번호 112의 주제는 랜덤하게 설정되었으며, 사용자가 원하는 다양한 내용을 담을 수 있습니다. 이와 같은 게시글들은 보통 웹사이트나 커뮤니티에서 자주 볼 수 있는 형식이며, 실제 데이터를 기반으로 작성될 수 있습니다. 게시글은 내용이 길어질 수록 더 많은 정보를 전달하며, 이에 따라 조회수와 댓글 수도 증가할 수 있습니다.",2023-12-24,2023-11-01,12
113,user15,게시글 제목 113,"이 게시글은 예시 데이터를 생성하기 위해 작성되었습니다. 내용은 길게 생성되며, 다양한 정보와 의견을 포함하고 있습니다. 게시글 번호 113의 주제는 랜덤하게 설정되었으며, 사용자가 원하는 다양한 내용을 담을 수 있습니다. 이와 같은 게시글들은 보통 웹사이트나 커뮤니티에서 자주 볼 수 있는 형식이며, 실제 데이터를 기반으로 작성될 수 있습니다. 게시글은 내용이 길어질 수록 더 많은 정보를 전달하며, 이에 따라 조회수와 댓글 수도 증가할 수 있습니다.",2024-08-03,2024-09-21,646
114,user10,게시글 제목 114,"이 게시글은 예시 데이터를 생성하기 위해 작성되었습니다. 내용은 길게 생성되며, 다양한 정보와 의견을 포함하고 있습니다. 게시글 번호 114의 주제는 랜덤하게 설정되었으며, 사용자가 원하는 다양한 내용을 담을 수 있습니다. 이와 같은 게시글들은 보통 웹사이트나 커뮤니티에서 자주 볼 수 있는 형식이며, 실제 데이터를 기반으로 작성될 수 있습니다. 게시글은 내용이 길어질 수록 더 많은 정보를 전달하며, 이에 따라 조회수와 댓글 수도 증가할 수 있습니다.",2023-11-17,2024-01-30,170
115,user12,게시글 제목 115,"이 게시글은 예시 데이터를 생성하기 위해 작성되었습니다. 내용은 길게 생성되며, 다양한 정보와 의견을 포함하고 있습니다. 게시글 번호 115의 주제는 랜덤하게 설정되었으며, 사용자가 원하는 다양한 내용을 담을 수 있습니다. 이와 같은 게시글들은 보통 웹사이트나 커뮤니티에서 자주 볼 수 있는 형식이며, 실제 데이터를 기반으로 작성될 수 있습니다. 게시글은 내용이 길어질 수록 더 많은 정보를 전달하며, 이에 따라 조회수와 댓글 수도 증가할 수 있습니다.",2023-11-26,2024-05-13,179
116,user16,게시글 제목 116,"이 게시글은 예시 데이터를 생성하기 위해 작성되었습니다. 내용은 길게 생성되며, 다양한 정보와 의견을 포함하고 있습니다. 게시글 번호 116의 주제는 랜덤하게 설정되었으며, 사용자가 원하는 다양한 내용을 담을 수 있습니다. 이와 같은 게시글들은 보통 웹사이트나 커뮤니티에서 자주 볼 수 있는 형식이며, 실제 데이터를 기반으로 작성될 수 있습니다. 게시글은 내용이 길어질 수록 더 많은 정보를 전달하며, 이에 따라 조회수와 댓글 수도 증가할 수 있습니다.",2024-02-02,2024-01-25,325
117,user13,게시글 제목 117,"이 게시글은 예시 데이터를 생성하기 위해 작성되었습니다. 내용은 길게 생성되며, 다양한 정보와 의견을 포함하고 있습니다. 게시글 번호 117의 주제는 랜덤하게 설정되었으며, 사용자가 원하는 다양한 내용을 담을 수 있습니다. 이와 같은 게시글들은 보통 웹사이트나 커뮤니티에서 자주 볼 수 있는 형식이며, 실제 데이터를 기반으로 작성될 수 있습니다. 게시글은 내용이 길어질 수록 더 많은 정보를 전달하며, 이에 따라 조회수와 댓글 수도 증가할 수 있습니다.",2023-11-02,2023-11-10,754
118,user2,게시글 제목 118,"이 게시글은 예시 데이터를 생성하기 위해 작성되었습니다. 내용은 길게 생성되며, 다양한 정보와 의견을 포함하고 있습니다. 게시글 번호 118의 주제는 랜덤하게 설정되었으며, 사용자가 원하는 다양한 내용을 담을 수 있습니다. 이와 같은 게시글들은 보통 웹사이트나 커뮤니티에서 자주 볼 수 있는 형식이며, 실제 데이터를 기반으로 작성될 수 있습니다. 게시글은 내용이 길어질 수록 더 많은 정보를 전달하며, 이에 따라 조회수와 댓글 수도 증가할 수 있습니다.",2024-03-01,2024-04-13,947
119,user11,게시글 제목 119,"이 게시글은 예시 데이터를 생성하기 위해 작성되었습니다. 내용은 길게 생성되며, 다양한 정보와 의견을 포함하고 있습니다. 게시글 번호 119의 주제는 랜덤하게 설정되었으며, 사용자가 원하는 다양한 내용을 담을 수 있습니다. 이와 같은 게시글들은 보통 웹사이트나 커뮤니티에서 자주 볼 수 있는 형식이며, 실제 데이터를 기반으로 작성될 수 있습니다. 게시글은 내용이 길어질 수록 더 많은 정보를 전달하며, 이에 따라 조회수와 댓글 수도 증가할 수 있습니다.",2024-10-01,2024-04-28,29
120,user5,게시글 제목 120,"이 게시글은 예시 데이터를 생성하기 위해 작성되었습니다. 내용은 길게 생성되며, 다양한 정보와 의견을 포함하고 있습니다. 게시글 번호 120의 주제는 랜덤하게 설정되었으며, 사용자가 원하는 다양한 내용을 담을 수 있습니다. 이와 같은 게시글들은 보통 웹사이트나 커뮤니티에서 자주 볼 수 있는 형식이며, 실제 데이터를 기반으로 작성될 수 있습니다. 게시글은 내용이 길어질 수록 더 많은 정보를 전달하며, 이에 따라 조회수와 댓글 수도 증가할 수 있습니다.",2024-08-13,2024-04-13,223
121,user4,게시글 제목 121,"이 게시글은 예시 데이터를 생성하기 위해 작성되었습니다. 내용은 길게 생성되며, 다양한 정보와 의견을 포함하고 있습니다. 게시글 번호 121의 주제는 랜덤하게 설정되었으며, 사용자가 원하는 다양한 내용을 담을 수 있습니다. 이와 같은 게시글들은 보통 웹사이트나 커뮤니티에서 자주 볼 수 있는 형식이며, 실제 데이터를 기반으로 작성될 수 있습니다. 게시글은 내용이 길어질 수록 더 많은 정보를 전달하며, 이에 따라 조회수와 댓글 수도 증가할 수 있습니다.",2023-12-14,2024-10-12,636
122,user4,게시글 제목 122,"이 게시글은 예시 데이터를 생성하기 위해 작성되었습니다. 내용은 길게 생성되며, 다양한 정보와 의견을 포함하고 있습니다. 게시글 번호 122의 주제는 랜덤하게 설정되었으며, 사용자가 원하는 다양한 내용을 담을 수 있습니다. 이와 같은 게시글들은 보통 웹사이트나 커뮤니티에서 자주 볼 수 있는 형식이며, 실제 데이터를 기반으로 작성될 수 있습니다. 게시글은 내용이 길어질 수록 더 많은 정보를 전달하며, 이에 따라 조회수와 댓글 수도 증가할 수 있습니다.",2024-09-26,2024-02-09,327
123,user20,게시글 제목 123,"이 게시글은 예시 데이터를 생성하기 위해 작성되었습니다. 내용은 길게 생성되며, 다양한 정보와 의견을 포함하고 있습니다. 게시글 번호 123의 주제는 랜덤하게 설정되었으며, 사용자가 원하는 다양한 내용을 담을 수 있습니다. 이와 같은 게시글들은 보통 웹사이트나 커뮤니티에서 자주 볼 수 있는 형식이며, 실제 데이터를 기반으로 작성될 수 있습니다. 게시글은 내용이 길어질 수록 더 많은 정보를 전달하며, 이에 따라 조회수와 댓글 수도 증가할 수 있습니다.",2023-11-13,2024-10-21,275
124,user1,게시글 제목 124,"이 게시글은 예시 데이터를 생성하기 위해 작성되었습니다. 내용은 길게 생성되며, 다양한 정보와 의견을 포함하고 있습니다. 게시글 번호 124의 주제는 랜덤하게 설정되었으며, 사용자가 원하는 다양한 내용을 담을 수 있습니다. 이와 같은 게시글들은 보통 웹사이트나 커뮤니티에서 자주 볼 수 있는 형식이며, 실제 데이터를 기반으로 작성될 수 있습니다. 게시글은 내용이 길어질 수록 더 많은 정보를 전달하며, 이에 따라 조회수와 댓글 수도 증가할 수 있습니다.",2024-04-15,2024-05-11,227
125,user14,게시글 제목 125,"이 게시글은 예시 데이터를 생성하기 위해 작성되었습니다. 내용은 길게 생성되며, 다양한 정보와 의견을 포함하고 있습니다. 게시글 번호 125의 주제는 랜덤하게 설정되었으며, 사용자가 원하는 다양한 내용을 담을 수 있습니다. 이와 같은 게시글들은 보통 웹사이트나 커뮤니티에서 자주 볼 수 있는 형식이며, 실제 데이터를 기반으로 작성될 수 있습니다. 게시글은 내용이 길어질 수록 더 많은 정보를 전달하며, 이에 따라 조회수와 댓글 수도 증가할 수 있습니다.",2024-08-27,2024-06-30,133
126,user17,게시글 제목 126,"이 게시글은 예시 데이터를 생성하기 위해 작성되었습니다. 내용은 길게 생성되며, 다양한 정보와 의견을 포함하고 있습니다. 게시글 번호 126의 주제는 랜덤하게 설정되었으며, 사용자가 원하는 다양한 내용을 담을 수 있습니다. 이와 같은 게시글들은 보통 웹사이트나 커뮤니티에서 자주 볼 수 있는 형식이며, 실제 데이터를 기반으로 작성될 수 있습니다. 게시글은 내용이 길어질 수록 더 많은 정보를 전달하며, 이에 따라 조회수와 댓글 수도 증가할 수 있습니다.",2023-11-26,2023-10-26,475
127,user17,게시글 제목 127,"이 게시글은 예시 데이터를 생성하기 위해 작성되었습니다. 내용은 길게 생성되며, 다양한 정보와 의견을 포함하고 있습니다. 게시글 번호 127의 주제는 랜덤하게 설정되었으며, 사용자가 원하는 다양한 내용을 담을 수 있습니다. 이와 같은 게시글들은 보통 웹사이트나 커뮤니티에서 자주 볼 수 있는 형식이며, 실제 데이터를 기반으로 작성될 수 있습니다. 게시글은 내용이 길어질 수록 더 많은 정보를 전달하며, 이에 따라 조회수와 댓글 수도 증가할 수 있습니다.",2023-11-07,2024-10-20,274
128,user17,게시글 제목 128,"이 게시글은 예시 데이터를 생성하기 위해 작성되었습니다. 내용은 길게 생성되며, 다양한 정보와 의견을 포함하고 있습니다. 게시글 번호 128의 주제는 랜덤하게 설정되었으며, 사용자가 원하는 다양한 내용을 담을 수 있습니다. 이와 같은 게시글들은 보통 웹사이트나 커뮤니티에서 자주 볼 수 있는 형식이며, 실제 데이터를 기반으로 작성될 수 있습니다. 게시글은 내용이 길어질 수록 더 많은 정보를 전달하며, 이에 따라 조회수와 댓글 수도 증가할 수 있습니다.",2023-10-26,2024-05-11,629
129,user6,게시글 제목 129,"이 게시글은 예시 데이터를 생성하기 위해 작성되었습니다. 내용은 길게 생성되며, 다양한 정보와 의견을 포함하고 있습니다. 게시글 번호 129의 주제는 랜덤하게 설정되었으며, 사용자가 원하는 다양한 내용을 담을 수 있습니다. 이와 같은 게시글들은 보통 웹사이트나 커뮤니티에서 자주 볼 수 있는 형식이며, 실제 데이터를 기반으로 작성될 수 있습니다. 게시글은 내용이 길어질 수록 더 많은 정보를 전달하며, 이에 따라 조회수와 댓글 수도 증가할 수 있습니다.",2024-01-02,2024-10-17,599
130,user8,게시글 제목 130,"이 게시글은 예시 데이터를 생성하기 위해 작성되었습니다. 내용은 길게 생성되며, 다양한 정보와 의견을 포함하고 있습니다. 게시글 번호 130의 주제는 랜덤하게 설정되었으며, 사용자가 원하는 다양한 내용을 담을 수 있습니다. 이와 같은 게시글들은 보통 웹사이트나 커뮤니티에서 자주 볼 수 있는 형식이며, 실제 데이터를 기반으로 작성될 수 있습니다. 게시글은 내용이 길어질 수록 더 많은 정보를 전달하며, 이에 따라 조회수와 댓글 수도 증가할 수 있습니다.",2024-10-13,2024-03-14,623
131,user10,게시글 제목 131,"이 게시글은 예시 데이터를 생성하기 위해 작성되었습니다. 내용은 길게 생성되며, 다양한 정보와 의견을 포함하고 있습니다. 게시글 번호 131의 주제는 랜덤하게 설정되었으며, 사용자가 원하는 다양한 내용을 담을 수 있습니다. 이와 같은 게시글들은 보통 웹사이트나 커뮤니티에서 자주 볼 수 있는 형식이며, 실제 데이터를 기반으로 작성될 수 있습니다. 게시글은 내용이 길어질 수록 더 많은 정보를 전달하며, 이에 따라 조회수와 댓글 수도 증가할 수 있습니다.",2024-05-02,2024-04-09,858
132,user18,게시글 제목 132,"이 게시글은 예시 데이터를 생성하기 위해 작성되었습니다. 내용은 길게 생성되며, 다양한 정보와 의견을 포함하고 있습니다. 게시글 번호 132의 주제는 랜덤하게 설정되었으며, 사용자가 원하는 다양한 내용을 담을 수 있습니다. 이와 같은 게시글들은 보통 웹사이트나 커뮤니티에서 자주 볼 수 있는 형식이며, 실제 데이터를 기반으로 작성될 수 있습니다. 게시글은 내용이 길어질 수록 더 많은 정보를 전달하며, 이에 따라 조회수와 댓글 수도 증가할 수 있습니다.",2024-05-17,2024-05-13,788
133,user9,게시글 제목 133,"이 게시글은 예시 데이터를 생성하기 위해 작성되었습니다. 내용은 길게 생성되며, 다양한 정보와 의견을 포함하고 있습니다. 게시글 번호 133의 주제는 랜덤하게 설정되었으며, 사용자가 원하는 다양한 내용을 담을 수 있습니다. 이와 같은 게시글들은 보통 웹사이트나 커뮤니티에서 자주 볼 수 있는 형식이며, 실제 데이터를 기반으로 작성될 수 있습니다. 게시글은 내용이 길어질 수록 더 많은 정보를 전달하며, 이에 따라 조회수와 댓글 수도 증가할 수 있습니다.",2024-07-25,2023-12-29,24
134,user7,게시글 제목 134,"이 게시글은 예시 데이터를 생성하기 위해 작성되었습니다. 내용은 길게 생성되며, 다양한 정보와 의견을 포함하고 있습니다. 게시글 번호 134의 주제는 랜덤하게 설정되었으며, 사용자가 원하는 다양한 내용을 담을 수 있습니다. 이와 같은 게시글들은 보통 웹사이트나 커뮤니티에서 자주 볼 수 있는 형식이며, 실제 데이터를 기반으로 작성될 수 있습니다. 게시글은 내용이 길어질 수록 더 많은 정보를 전달하며, 이에 따라 조회수와 댓글 수도 증가할 수 있습니다.",2024-08-05,2024-06-03,288
135,user11,게시글 제목 135,"이 게시글은 예시 데이터를 생성하기 위해 작성되었습니다. 내용은 길게 생성되며, 다양한 정보와 의견을 포함하고 있습니다. 게시글 번호 135의 주제는 랜덤하게 설정되었으며, 사용자가 원하는 다양한 내용을 담을 수 있습니다. 이와 같은 게시글들은 보통 웹사이트나 커뮤니티에서 자주 볼 수 있는 형식이며, 실제 데이터를 기반으로 작성될 수 있습니다. 게시글은 내용이 길어질 수록 더 많은 정보를 전달하며, 이에 따라 조회수와 댓글 수도 증가할 수 있습니다.",2024-05-01,2023-11-04,363
136,user10,게시글 제목 136,"이 게시글은 예시 데이터를 생성하기 위해 작성되었습니다. 내용은 길게 생성되며, 다양한 정보와 의견을 포함하고 있습니다. 게시글 번호 136의 주제는 랜덤하게 설정되었으며, 사용자가 원하는 다양한 내용을 담을 수 있습니다. 이와 같은 게시글들은 보통 웹사이트나 커뮤니티에서 자주 볼 수 있는 형식이며, 실제 데이터를 기반으로 작성될 수 있습니다. 게시글은 내용이 길어질 수록 더 많은 정보를 전달하며, 이에 따라 조회수와 댓글 수도 증가할 수 있습니다.",2024-01-20,2024-07-09,576
137,user18,게시글 제목 137,"이 게시글은 예시 데이터를 생성하기 위해 작성되었습니다. 내용은 길게 생성되며, 다양한 정보와 의견을 포함하고 있습니다. 게시글 번호 137의 주제는 랜덤하게 설정되었으며, 사용자가 원하는 다양한 내용을 담을 수 있습니다. 이와 같은 게시글들은 보통 웹사이트나 커뮤니티에서 자주 볼 수 있는 형식이며, 실제 데이터를 기반으로 작성될 수 있습니다. 게시글은 내용이 길어질 수록 더 많은 정보를 전달하며, 이에 따라 조회수와 댓글 수도 증가할 수 있습니다.",2024-10-19,2024-01-20,79
138,user3,게시글 제목 138,"이 게시글은 예시 데이터를 생성하기 위해 작성되었습니다. 내용은 길게 생성되며, 다양한 정보와 의견을 포함하고 있습니다. 게시글 번호 138의 주제는 랜덤하게 설정되었으며, 사용자가 원하는 다양한 내용을 담을 수 있습니다. 이와 같은 게시글들은 보통 웹사이트나 커뮤니티에서 자주 볼 수 있는 형식이며, 실제 데이터를 기반으로 작성될 수 있습니다. 게시글은 내용이 길어질 수록 더 많은 정보를 전달하며, 이에 따라 조회수와 댓글 수도 증가할 수 있습니다.",2024-01-14,2024-04-10,523
139,user17,게시글 제목 139,"이 게시글은 예시 데이터를 생성하기 위해 작성되었습니다. 내용은 길게 생성되며, 다양한 정보와 의견을 포함하고 있습니다. 게시글 번호 139의 주제는 랜덤하게 설정되었으며, 사용자가 원하는 다양한 내용을 담을 수 있습니다. 이와 같은 게시글들은 보통 웹사이트나 커뮤니티에서 자주 볼 수 있는 형식이며, 실제 데이터를 기반으로 작성될 수 있습니다. 게시글은 내용이 길어질 수록 더 많은 정보를 전달하며, 이에 따라 조회수와 댓글 수도 증가할 수 있습니다.",2024-07-24,2023-11-03,753
140,user13,게시글 제목 140,"이 게시글은 예시 데이터를 생성하기 위해 작성되었습니다. 내용은 길게 생성되며, 다양한 정보와 의견을 포함하고 있습니다. 게시글 번호 140의 주제는 랜덤하게 설정되었으며, 사용자가 원하는 다양한 내용을 담을 수 있습니다. 이와 같은 게시글들은 보통 웹사이트나 커뮤니티에서 자주 볼 수 있는 형식이며, 실제 데이터를 기반으로 작성될 수 있습니다. 게시글은 내용이 길어질 수록 더 많은 정보를 전달하며, 이에 따라 조회수와 댓글 수도 증가할 수 있습니다.",2024-10-14,2024-04-14,959
141,user9,게시글 제목 141,"이 게시글은 예시 데이터를 생성하기 위해 작성되었습니다. 내용은 길게 생성되며, 다양한 정보와 의견을 포함하고 있습니다. 게시글 번호 141의 주제는 랜덤하게 설정되었으며, 사용자가 원하는 다양한 내용을 담을 수 있습니다. 이와 같은 게시글들은 보통 웹사이트나 커뮤니티에서 자주 볼 수 있는 형식이며, 실제 데이터를 기반으로 작성될 수 있습니다. 게시글은 내용이 길어질 수록 더 많은 정보를 전달하며, 이에 따라 조회수와 댓글 수도 증가할 수 있습니다.",2024-03-19,2024-01-24,859
142,user10,게시글 제목 142,"이 게시글은 예시 데이터를 생성하기 위해 작성되었습니다. 내용은 길게 생성되며, 다양한 정보와 의견을 포함하고 있습니다. 게시글 번호 142의 주제는 랜덤하게 설정되었으며, 사용자가 원하는 다양한 내용을 담을 수 있습니다. 이와 같은 게시글들은 보통 웹사이트나 커뮤니티에서 자주 볼 수 있는 형식이며, 실제 데이터를 기반으로 작성될 수 있습니다. 게시글은 내용이 길어질 수록 더 많은 정보를 전달하며, 이에 따라 조회수와 댓글 수도 증가할 수 있습니다.",2024-01-05,2024-03-14,146
143,user1,게시글 제목 143,"이 게시글은 예시 데이터를 생성하기 위해 작성되었습니다. 내용은 길게 생성되며, 다양한 정보와 의견을 포함하고 있습니다. 게시글 번호 143의 주제는 랜덤하게 설정되었으며, 사용자가 원하는 다양한 내용을 담을 수 있습니다. 이와 같은 게시글들은 보통 웹사이트나 커뮤니티에서 자주 볼 수 있는 형식이며, 실제 데이터를 기반으로 작성될 수 있습니다. 게시글은 내용이 길어질 수록 더 많은 정보를 전달하며, 이에 따라 조회수와 댓글 수도 증가할 수 있습니다.",2024-05-16,2023-12-11,52
144,user14,게시글 제목 144,"이 게시글은 예시 데이터를 생성하기 위해 작성되었습니다. 내용은 길게 생성되며, 다양한 정보와 의견을 포함하고 있습니다. 게시글 번호 144의 주제는 랜덤하게 설정되었으며, 사용자가 원하는 다양한 내용을 담을 수 있습니다. 이와 같은 게시글들은 보통 웹사이트나 커뮤니티에서 자주 볼 수 있는 형식이며, 실제 데이터를 기반으로 작성될 수 있습니다. 게시글은 내용이 길어질 수록 더 많은 정보를 전달하며, 이에 따라 조회수와 댓글 수도 증가할 수 있습니다.",2024-08-18,2024-08-01,205
145,user17,게시글 제목 145,"이 게시글은 예시 데이터를 생성하기 위해 작성되었습니다. 내용은 길게 생성되며, 다양한 정보와 의견을 포함하고 있습니다. 게시글 번호 145의 주제는 랜덤하게 설정되었으며, 사용자가 원하는 다양한 내용을 담을 수 있습니다. 이와 같은 게시글들은 보통 웹사이트나 커뮤니티에서 자주 볼 수 있는 형식이며, 실제 데이터를 기반으로 작성될 수 있습니다. 게시글은 내용이 길어질 수록 더 많은 정보를 전달하며, 이에 따라 조회수와 댓글 수도 증가할 수 있습니다.",2023-11-12,2024-05-11,164
146,user16,게시글 제목 146,"이 게시글은 예시 데이터를 생성하기 위해 작성되었습니다. 내용은 길게 생성되며, 다양한 정보와 의견을 포함하고 있습니다. 게시글 번호 146의 주제는 랜덤하게 설정되었으며, 사용자가 원하는 다양한 내용을 담을 수 있습니다. 이와 같은 게시글들은 보통 웹사이트나 커뮤니티에서 자주 볼 수 있는 형식이며, 실제 데이터를 기반으로 작성될 수 있습니다. 게시글은 내용이 길어질 수록 더 많은 정보를 전달하며, 이에 따라 조회수와 댓글 수도 증가할 수 있습니다.",2024-07-03,2024-07-25,641
147,user3,게시글 제목 147,"이 게시글은 예시 데이터를 생성하기 위해 작성되었습니다. 내용은 길게 생성되며, 다양한 정보와 의견을 포함하고 있습니다. 게시글 번호 147의 주제는 랜덤하게 설정되었으며, 사용자가 원하는 다양한 내용을 담을 수 있습니다. 이와 같은 게시글들은 보통 웹사이트나 커뮤니티에서 자주 볼 수 있는 형식이며, 실제 데이터를 기반으로 작성될 수 있습니다. 게시글은 내용이 길어질 수록 더 많은 정보를 전달하며, 이에 따라 조회수와 댓글 수도 증가할 수 있습니다.",2023-12-19,2024-05-13,958
148,user4,게시글 제목 148,"이 게시글은 예시 데이터를 생성하기 위해 작성되었습니다. 내용은 길게 생성되며, 다양한 정보와 의견을 포함하고 있습니다. 게시글 번호 148의 주제는 랜덤하게 설정되었으며, 사용자가 원하는 다양한 내용을 담을 수 있습니다. 이와 같은 게시글들은 보통 웹사이트나 커뮤니티에서 자주 볼 수 있는 형식이며, 실제 데이터를 기반으로 작성될 수 있습니다. 게시글은 내용이 길어질 수록 더 많은 정보를 전달하며, 이에 따라 조회수와 댓글 수도 증가할 수 있습니다.",2024-07-18,2024-04-13,302
149,user16,게시글 제목 149,"이 게시글은 예시 데이터를 생성하기 위해 작성되었습니다. 내용은 길게 생성되며, 다양한 정보와 의견을 포함하고 있습니다. 게시글 번호 149의 주제는 랜덤하게 설정되었으며, 사용자가 원하는 다양한 내용을 담을 수 있습니다. 이와 같은 게시글들은 보통 웹사이트나 커뮤니티에서 자주 볼 수 있는 형식이며, 실제 데이터를 기반으로 작성될 수 있습니다. 게시글은 내용이 길어질 수록 더 많은 정보를 전달하며, 이에 따라 조회수와 댓글 수도 증가할 수 있습니다.",2024-06-29,2024-04-01,822
150,user19,게시글 제목 150,"이 게시글은 예시 데이터를 생성하기 위해 작성되었습니다. 내용은 길게 생성되며, 다양한 정보와 의견을 포함하고 있습니다. 게시글 번호 150의 주제는 랜덤하게 설정되었으며, 사용자가 원하는 다양한 내용을 담을 수 있습니다. 이와 같은 게시글들은 보통 웹사이트나 커뮤니티에서 자주 볼 수 있는 형식이며, 실제 데이터를 기반으로 작성될 수 있습니다. 게시글은 내용이 길어질 수록 더 많은 정보를 전달하며, 이에 따라 조회수와 댓글 수도 증가할 수 있습니다.",2023-12-22,2024-07-21,845
151,user8,게시글 제목 151,"이 게시글은 예시 데이터를 생성하기 위해 작성되었습니다. 내용은 길게 생성되며, 다양한 정보와 의견을 포함하고 있습니다. 게시글 번호 151의 주제는 랜덤하게 설정되었으며, 사용자가 원하는 다양한 내용을 담을 수 있습니다. 이와 같은 게시글들은 보통 웹사이트나 커뮤니티에서 자주 볼 수 있는 형식이며, 실제 데이터를 기반으로 작성될 수 있습니다. 게시글은 내용이 길어질 수록 더 많은 정보를 전달하며, 이에 따라 조회수와 댓글 수도 증가할 수 있습니다.",2024-01-03,2024-05-18,734
152,user18,게시글 제목 152,"이 게시글은 예시 데이터를 생성하기 위해 작성되었습니다. 내용은 길게 생성되며, 다양한 정보와 의견을 포함하고 있습니다. 게시글 번호 152의 주제는 랜덤하게 설정되었으며, 사용자가 원하는 다양한 내용을 담을 수 있습니다. 이와 같은 게시글들은 보통 웹사이트나 커뮤니티에서 자주 볼 수 있는 형식이며, 실제 데이터를 기반으로 작성될 수 있습니다. 게시글은 내용이 길어질 수록 더 많은 정보를 전달하며, 이에 따라 조회수와 댓글 수도 증가할 수 있습니다.",2024-02-27,2024-06-06,462
153,user7,게시글 제목 153,"이 게시글은 예시 데이터를 생성하기 위해 작성되었습니다. 내용은 길게 생성되며, 다양한 정보와 의견을 포함하고 있습니다. 게시글 번호 153의 주제는 랜덤하게 설정되었으며, 사용자가 원하는 다양한 내용을 담을 수 있습니다. 이와 같은 게시글들은 보통 웹사이트나 커뮤니티에서 자주 볼 수 있는 형식이며, 실제 데이터를 기반으로 작성될 수 있습니다. 게시글은 내용이 길어질 수록 더 많은 정보를 전달하며, 이에 따라 조회수와 댓글 수도 증가할 수 있습니다.",2024-01-08,2024-07-10,673
154,user17,게시글 제목 154,"이 게시글은 예시 데이터를 생성하기 위해 작성되었습니다. 내용은 길게 생성되며, 다양한 정보와 의견을 포함하고 있습니다. 게시글 번호 154의 주제는 랜덤하게 설정되었으며, 사용자가 원하는 다양한 내용을 담을 수 있습니다. 이와 같은 게시글들은 보통 웹사이트나 커뮤니티에서 자주 볼 수 있는 형식이며, 실제 데이터를 기반으로 작성될 수 있습니다. 게시글은 내용이 길어질 수록 더 많은 정보를 전달하며, 이에 따라 조회수와 댓글 수도 증가할 수 있습니다.",2024-08-10,2024-06-18,196
155,user1,게시글 제목 155,"이 게시글은 예시 데이터를 생성하기 위해 작성되었습니다. 내용은 길게 생성되며, 다양한 정보와 의견을 포함하고 있습니다. 게시글 번호 155의 주제는 랜덤하게 설정되었으며, 사용자가 원하는 다양한 내용을 담을 수 있습니다. 이와 같은 게시글들은 보통 웹사이트나 커뮤니티에서 자주 볼 수 있는 형식이며, 실제 데이터를 기반으로 작성될 수 있습니다. 게시글은 내용이 길어질 수록 더 많은 정보를 전달하며, 이에 따라 조회수와 댓글 수도 증가할 수 있습니다.",2023-12-12,2024-07-31,410
156,user2,게시글 제목 156,"이 게시글은 예시 데이터를 생성하기 위해 작성되었습니다. 내용은 길게 생성되며, 다양한 정보와 의견을 포함하고 있습니다. 게시글 번호 156의 주제는 랜덤하게 설정되었으며, 사용자가 원하는 다양한 내용을 담을 수 있습니다. 이와 같은 게시글들은 보통 웹사이트나 커뮤니티에서 자주 볼 수 있는 형식이며, 실제 데이터를 기반으로 작성될 수 있습니다. 게시글은 내용이 길어질 수록 더 많은 정보를 전달하며, 이에 따라 조회수와 댓글 수도 증가할 수 있습니다.",2023-11-15,2024-10-19,962
157,user15,게시글 제목 157,"이 게시글은 예시 데이터를 생성하기 위해 작성되었습니다. 내용은 길게 생성되며, 다양한 정보와 의견을 포함하고 있습니다. 게시글 번호 157의 주제는 랜덤하게 설정되었으며, 사용자가 원하는 다양한 내용을 담을 수 있습니다. 이와 같은 게시글들은 보통 웹사이트나 커뮤니티에서 자주 볼 수 있는 형식이며, 실제 데이터를 기반으로 작성될 수 있습니다. 게시글은 내용이 길어질 수록 더 많은 정보를 전달하며, 이에 따라 조회수와 댓글 수도 증가할 수 있습니다.",2023-11-16,2024-09-09,853
158,user10,게시글 제목 158,"이 게시글은 예시 데이터를 생성하기 위해 작성되었습니다. 내용은 길게 생성되며, 다양한 정보와 의견을 포함하고 있습니다. 게시글 번호 158의 주제는 랜덤하게 설정되었으며, 사용자가 원하는 다양한 내용을 담을 수 있습니다. 이와 같은 게시글들은 보통 웹사이트나 커뮤니티에서 자주 볼 수 있는 형식이며, 실제 데이터를 기반으로 작성될 수 있습니다. 게시글은 내용이 길어질 수록 더 많은 정보를 전달하며, 이에 따라 조회수와 댓글 수도 증가할 수 있습니다.",2024-04-10,2024-08-19,76
159,user1,게시글 제목 159,"이 게시글은 예시 데이터를 생성하기 위해 작성되었습니다. 내용은 길게 생성되며, 다양한 정보와 의견을 포함하고 있습니다. 게시글 번호 159의 주제는 랜덤하게 설정되었으며, 사용자가 원하는 다양한 내용을 담을 수 있습니다. 이와 같은 게시글들은 보통 웹사이트나 커뮤니티에서 자주 볼 수 있는 형식이며, 실제 데이터를 기반으로 작성될 수 있습니다. 게시글은 내용이 길어질 수록 더 많은 정보를 전달하며, 이에 따라 조회수와 댓글 수도 증가할 수 있습니다.",2024-04-29,2024-02-25,213
160,user15,게시글 제목 160,"이 게시글은 예시 데이터를 생성하기 위해 작성되었습니다. 내용은 길게 생성되며, 다양한 정보와 의견을 포함하고 있습니다. 게시글 번호 160의 주제는 랜덤하게 설정되었으며, 사용자가 원하는 다양한 내용을 담을 수 있습니다. 이와 같은 게시글들은 보통 웹사이트나 커뮤니티에서 자주 볼 수 있는 형식이며, 실제 데이터를 기반으로 작성될 수 있습니다. 게시글은 내용이 길어질 수록 더 많은 정보를 전달하며, 이에 따라 조회수와 댓글 수도 증가할 수 있습니다.",2023-12-26,2023-12-30,330
161,user18,게시글 제목 161,"이 게시글은 예시 데이터를 생성하기 위해 작성되었습니다. 내용은 길게 생성되며, 다양한 정보와 의견을 포함하고 있습니다. 게시글 번호 161의 주제는 랜덤하게 설정되었으며, 사용자가 원하는 다양한 내용을 담을 수 있습니다. 이와 같은 게시글들은 보통 웹사이트나 커뮤니티에서 자주 볼 수 있는 형식이며, 실제 데이터를 기반으로 작성될 수 있습니다. 게시글은 내용이 길어질 수록 더 많은 정보를 전달하며, 이에 따라 조회수와 댓글 수도 증가할 수 있습니다.",2024-03-02,2024-01-06,901
162,user5,게시글 제목 162,"이 게시글은 예시 데이터를 생성하기 위해 작성되었습니다. 내용은 길게 생성되며, 다양한 정보와 의견을 포함하고 있습니다. 게시글 번호 162의 주제는 랜덤하게 설정되었으며, 사용자가 원하는 다양한 내용을 담을 수 있습니다. 이와 같은 게시글들은 보통 웹사이트나 커뮤니티에서 자주 볼 수 있는 형식이며, 실제 데이터를 기반으로 작성될 수 있습니다. 게시글은 내용이 길어질 수록 더 많은 정보를 전달하며, 이에 따라 조회수와 댓글 수도 증가할 수 있습니다.",2024-02-03,2024-09-19,371
163,user16,게시글 제목 163,"이 게시글은 예시 데이터를 생성하기 위해 작성되었습니다. 내용은 길게 생성되며, 다양한 정보와 의견을 포함하고 있습니다. 게시글 번호 163의 주제는 랜덤하게 설정되었으며, 사용자가 원하는 다양한 내용을 담을 수 있습니다. 이와 같은 게시글들은 보통 웹사이트나 커뮤니티에서 자주 볼 수 있는 형식이며, 실제 데이터를 기반으로 작성될 수 있습니다. 게시글은 내용이 길어질 수록 더 많은 정보를 전달하며, 이에 따라 조회수와 댓글 수도 증가할 수 있습니다.",2023-11-07,2024-04-16,714
164,user5,게시글 제목 164,"이 게시글은 예시 데이터를 생성하기 위해 작성되었습니다. 내용은 길게 생성되며, 다양한 정보와 의견을 포함하고 있습니다. 게시글 번호 164의 주제는 랜덤하게 설정되었으며, 사용자가 원하는 다양한 내용을 담을 수 있습니다. 이와 같은 게시글들은 보통 웹사이트나 커뮤니티에서 자주 볼 수 있는 형식이며, 실제 데이터를 기반으로 작성될 수 있습니다. 게시글은 내용이 길어질 수록 더 많은 정보를 전달하며, 이에 따라 조회수와 댓글 수도 증가할 수 있습니다.",2024-04-17,2024-08-25,503
165,user1,게시글 제목 165,"이 게시글은 예시 데이터를 생성하기 위해 작성되었습니다. 내용은 길게 생성되며, 다양한 정보와 의견을 포함하고 있습니다. 게시글 번호 165의 주제는 랜덤하게 설정되었으며, 사용자가 원하는 다양한 내용을 담을 수 있습니다. 이와 같은 게시글들은 보통 웹사이트나 커뮤니티에서 자주 볼 수 있는 형식이며, 실제 데이터를 기반으로 작성될 수 있습니다. 게시글은 내용이 길어질 수록 더 많은 정보를 전달하며, 이에 따라 조회수와 댓글 수도 증가할 수 있습니다.",2024-02-03,2024-02-24,444
166,user20,게시글 제목 166,"이 게시글은 예시 데이터를 생성하기 위해 작성되었습니다. 내용은 길게 생성되며, 다양한 정보와 의견을 포함하고 있습니다. 게시글 번호 166의 주제는 랜덤하게 설정되었으며, 사용자가 원하는 다양한 내용을 담을 수 있습니다. 이와 같은 게시글들은 보통 웹사이트나 커뮤니티에서 자주 볼 수 있는 형식이며, 실제 데이터를 기반으로 작성될 수 있습니다. 게시글은 내용이 길어질 수록 더 많은 정보를 전달하며, 이에 따라 조회수와 댓글 수도 증가할 수 있습니다.",2024-08-27,2024-04-23,17
167,user6,게시글 제목 167,"이 게시글은 예시 데이터를 생성하기 위해 작성되었습니다. 내용은 길게 생성되며, 다양한 정보와 의견을 포함하고 있습니다. 게시글 번호 167의 주제는 랜덤하게 설정되었으며, 사용자가 원하는 다양한 내용을 담을 수 있습니다. 이와 같은 게시글들은 보통 웹사이트나 커뮤니티에서 자주 볼 수 있는 형식이며, 실제 데이터를 기반으로 작성될 수 있습니다. 게시글은 내용이 길어질 수록 더 많은 정보를 전달하며, 이에 따라 조회수와 댓글 수도 증가할 수 있습니다.",2024-01-27,2024-10-01,161
168,user8,게시글 제목 168,"이 게시글은 예시 데이터를 생성하기 위해 작성되었습니다. 내용은 길게 생성되며, 다양한 정보와 의견을 포함하고 있습니다. 게시글 번호 168의 주제는 랜덤하게 설정되었으며, 사용자가 원하는 다양한 내용을 담을 수 있습니다. 이와 같은 게시글들은 보통 웹사이트나 커뮤니티에서 자주 볼 수 있는 형식이며, 실제 데이터를 기반으로 작성될 수 있습니다. 게시글은 내용이 길어질 수록 더 많은 정보를 전달하며, 이에 따라 조회수와 댓글 수도 증가할 수 있습니다.",2023-12-16,2024-02-08,295
169,user2,게시글 제목 169,"이 게시글은 예시 데이터를 생성하기 위해 작성되었습니다. 내용은 길게 생성되며, 다양한 정보와 의견을 포함하고 있습니다. 게시글 번호 169의 주제는 랜덤하게 설정되었으며, 사용자가 원하는 다양한 내용을 담을 수 있습니다. 이와 같은 게시글들은 보통 웹사이트나 커뮤니티에서 자주 볼 수 있는 형식이며, 실제 데이터를 기반으로 작성될 수 있습니다. 게시글은 내용이 길어질 수록 더 많은 정보를 전달하며, 이에 따라 조회수와 댓글 수도 증가할 수 있습니다.",2023-12-21,2024-04-29,898
170,user9,게시글 제목 170,"이 게시글은 예시 데이터를 생성하기 위해 작성되었습니다. 내용은 길게 생성되며, 다양한 정보와 의견을 포함하고 있습니다. 게시글 번호 170의 주제는 랜덤하게 설정되었으며, 사용자가 원하는 다양한 내용을 담을 수 있습니다. 이와 같은 게시글들은 보통 웹사이트나 커뮤니티에서 자주 볼 수 있는 형식이며, 실제 데이터를 기반으로 작성될 수 있습니다. 게시글은 내용이 길어질 수록 더 많은 정보를 전달하며, 이에 따라 조회수와 댓글 수도 증가할 수 있습니다.",2024-08-12,2024-03-29,746
171,user5,게시글 제목 171,"이 게시글은 예시 데이터를 생성하기 위해 작성되었습니다. 내용은 길게 생성되며, 다양한 정보와 의견을 포함하고 있습니다. 게시글 번호 171의 주제는 랜덤하게 설정되었으며, 사용자가 원하는 다양한 내용을 담을 수 있습니다. 이와 같은 게시글들은 보통 웹사이트나 커뮤니티에서 자주 볼 수 있는 형식이며, 실제 데이터를 기반으로 작성될 수 있습니다. 게시글은 내용이 길어질 수록 더 많은 정보를 전달하며, 이에 따라 조회수와 댓글 수도 증가할 수 있습니다.",2024-09-29,2024-03-26,704
172,user19,게시글 제목 172,"이 게시글은 예시 데이터를 생성하기 위해 작성되었습니다. 내용은 길게 생성되며, 다양한 정보와 의견을 포함하고 있습니다. 게시글 번호 172의 주제는 랜덤하게 설정되었으며, 사용자가 원하는 다양한 내용을 담을 수 있습니다. 이와 같은 게시글들은 보통 웹사이트나 커뮤니티에서 자주 볼 수 있는 형식이며, 실제 데이터를 기반으로 작성될 수 있습니다. 게시글은 내용이 길어질 수록 더 많은 정보를 전달하며, 이에 따라 조회수와 댓글 수도 증가할 수 있습니다.",2024-01-17,2024-01-11,12
173,user16,게시글 제목 173,"이 게시글은 예시 데이터를 생성하기 위해 작성되었습니다. 내용은 길게 생성되며, 다양한 정보와 의견을 포함하고 있습니다. 게시글 번호 173의 주제는 랜덤하게 설정되었으며, 사용자가 원하는 다양한 내용을 담을 수 있습니다. 이와 같은 게시글들은 보통 웹사이트나 커뮤니티에서 자주 볼 수 있는 형식이며, 실제 데이터를 기반으로 작성될 수 있습니다. 게시글은 내용이 길어질 수록 더 많은 정보를 전달하며, 이에 따라 조회수와 댓글 수도 증가할 수 있습니다.",2023-11-07,2024-10-20,811
174,user7,게시글 제목 174,"이 게시글은 예시 데이터를 생성하기 위해 작성되었습니다. 내용은 길게 생성되며, 다양한 정보와 의견을 포함하고 있습니다. 게시글 번호 174의 주제는 랜덤하게 설정되었으며, 사용자가 원하는 다양한 내용을 담을 수 있습니다. 이와 같은 게시글들은 보통 웹사이트나 커뮤니티에서 자주 볼 수 있는 형식이며, 실제 데이터를 기반으로 작성될 수 있습니다. 게시글은 내용이 길어질 수록 더 많은 정보를 전달하며, 이에 따라 조회수와 댓글 수도 증가할 수 있습니다.",2024-08-27,2024-04-10,368
175,user11,게시글 제목 175,"이 게시글은 예시 데이터를 생성하기 위해 작성되었습니다. 내용은 길게 생성되며, 다양한 정보와 의견을 포함하고 있습니다. 게시글 번호 175의 주제는 랜덤하게 설정되었으며, 사용자가 원하는 다양한 내용을 담을 수 있습니다. 이와 같은 게시글들은 보통 웹사이트나 커뮤니티에서 자주 볼 수 있는 형식이며, 실제 데이터를 기반으로 작성될 수 있습니다. 게시글은 내용이 길어질 수록 더 많은 정보를 전달하며, 이에 따라 조회수와 댓글 수도 증가할 수 있습니다.",2024-07-16,2024-09-20,598
176,user18,게시글 제목 176,"이 게시글은 예시 데이터를 생성하기 위해 작성되었습니다. 내용은 길게 생성되며, 다양한 정보와 의견을 포함하고 있습니다. 게시글 번호 176의 주제는 랜덤하게 설정되었으며, 사용자가 원하는 다양한 내용을 담을 수 있습니다. 이와 같은 게시글들은 보통 웹사이트나 커뮤니티에서 자주 볼 수 있는 형식이며, 실제 데이터를 기반으로 작성될 수 있습니다. 게시글은 내용이 길어질 수록 더 많은 정보를 전달하며, 이에 따라 조회수와 댓글 수도 증가할 수 있습니다.",2023-12-04,2024-04-02,289
177,user9,게시글 제목 177,"이 게시글은 예시 데이터를 생성하기 위해 작성되었습니다. 내용은 길게 생성되며, 다양한 정보와 의견을 포함하고 있습니다. 게시글 번호 177의 주제는 랜덤하게 설정되었으며, 사용자가 원하는 다양한 내용을 담을 수 있습니다. 이와 같은 게시글들은 보통 웹사이트나 커뮤니티에서 자주 볼 수 있는 형식이며, 실제 데이터를 기반으로 작성될 수 있습니다. 게시글은 내용이 길어질 수록 더 많은 정보를 전달하며, 이에 따라 조회수와 댓글 수도 증가할 수 있습니다.",2024-10-03,2024-05-29,438
178,user14,게시글 제목 178,"이 게시글은 예시 데이터를 생성하기 위해 작성되었습니다. 내용은 길게 생성되며, 다양한 정보와 의견을 포함하고 있습니다. 게시글 번호 178의 주제는 랜덤하게 설정되었으며, 사용자가 원하는 다양한 내용을 담을 수 있습니다. 이와 같은 게시글들은 보통 웹사이트나 커뮤니티에서 자주 볼 수 있는 형식이며, 실제 데이터를 기반으로 작성될 수 있습니다. 게시글은 내용이 길어질 수록 더 많은 정보를 전달하며, 이에 따라 조회수와 댓글 수도 증가할 수 있습니다.",2024-04-21,2024-01-25,107
179,user7,게시글 제목 179,"이 게시글은 예시 데이터를 생성하기 위해 작성되었습니다. 내용은 길게 생성되며, 다양한 정보와 의견을 포함하고 있습니다. 게시글 번호 179의 주제는 랜덤하게 설정되었으며, 사용자가 원하는 다양한 내용을 담을 수 있습니다. 이와 같은 게시글들은 보통 웹사이트나 커뮤니티에서 자주 볼 수 있는 형식이며, 실제 데이터를 기반으로 작성될 수 있습니다. 게시글은 내용이 길어질 수록 더 많은 정보를 전달하며, 이에 따라 조회수와 댓글 수도 증가할 수 있습니다.",2023-12-08,2023-11-01,251
180,user7,게시글 제목 180,"이 게시글은 예시 데이터를 생성하기 위해 작성되었습니다. 내용은 길게 생성되며, 다양한 정보와 의견을 포함하고 있습니다. 게시글 번호 180의 주제는 랜덤하게 설정되었으며, 사용자가 원하는 다양한 내용을 담을 수 있습니다. 이와 같은 게시글들은 보통 웹사이트나 커뮤니티에서 자주 볼 수 있는 형식이며, 실제 데이터를 기반으로 작성될 수 있습니다. 게시글은 내용이 길어질 수록 더 많은 정보를 전달하며, 이에 따라 조회수와 댓글 수도 증가할 수 있습니다.",2023-12-21,2024-06-30,993
181,user8,게시글 제목 181,"이 게시글은 예시 데이터를 생성하기 위해 작성되었습니다. 내용은 길게 생성되며, 다양한 정보와 의견을 포함하고 있습니다. 게시글 번호 181의 주제는 랜덤하게 설정되었으며, 사용자가 원하는 다양한 내용을 담을 수 있습니다. 이와 같은 게시글들은 보통 웹사이트나 커뮤니티에서 자주 볼 수 있는 형식이며, 실제 데이터를 기반으로 작성될 수 있습니다. 게시글은 내용이 길어질 수록 더 많은 정보를 전달하며, 이에 따라 조회수와 댓글 수도 증가할 수 있습니다.",2024-05-05,2024-07-04,104
182,user8,게시글 제목 182,"이 게시글은 예시 데이터를 생성하기 위해 작성되었습니다. 내용은 길게 생성되며, 다양한 정보와 의견을 포함하고 있습니다. 게시글 번호 182의 주제는 랜덤하게 설정되었으며, 사용자가 원하는 다양한 내용을 담을 수 있습니다. 이와 같은 게시글들은 보통 웹사이트나 커뮤니티에서 자주 볼 수 있는 형식이며, 실제 데이터를 기반으로 작성될 수 있습니다. 게시글은 내용이 길어질 수록 더 많은 정보를 전달하며, 이에 따라 조회수와 댓글 수도 증가할 수 있습니다.",2024-09-16,2024-03-02,30
183,user12,게시글 제목 183,"이 게시글은 예시 데이터를 생성하기 위해 작성되었습니다. 내용은 길게 생성되며, 다양한 정보와 의견을 포함하고 있습니다. 게시글 번호 183의 주제는 랜덤하게 설정되었으며, 사용자가 원하는 다양한 내용을 담을 수 있습니다. 이와 같은 게시글들은 보통 웹사이트나 커뮤니티에서 자주 볼 수 있는 형식이며, 실제 데이터를 기반으로 작성될 수 있습니다. 게시글은 내용이 길어질 수록 더 많은 정보를 전달하며, 이에 따라 조회수와 댓글 수도 증가할 수 있습니다.",2023-12-27,2024-07-30,427
184,user19,게시글 제목 184,"이 게시글은 예시 데이터를 생성하기 위해 작성되었습니다. 내용은 길게 생성되며, 다양한 정보와 의견을 포함하고 있습니다. 게시글 번호 184의 주제는 랜덤하게 설정되었으며, 사용자가 원하는 다양한 내용을 담을 수 있습니다. 이와 같은 게시글들은 보통 웹사이트나 커뮤니티에서 자주 볼 수 있는 형식이며, 실제 데이터를 기반으로 작성될 수 있습니다. 게시글은 내용이 길어질 수록 더 많은 정보를 전달하며, 이에 따라 조회수와 댓글 수도 증가할 수 있습니다.",2024-09-03,2023-12-28,882
185,user4,게시글 제목 185,"이 게시글은 예시 데이터를 생성하기 위해 작성되었습니다. 내용은 길게 생성되며, 다양한 정보와 의견을 포함하고 있습니다. 게시글 번호 185의 주제는 랜덤하게 설정되었으며, 사용자가 원하는 다양한 내용을 담을 수 있습니다. 이와 같은 게시글들은 보통 웹사이트나 커뮤니티에서 자주 볼 수 있는 형식이며, 실제 데이터를 기반으로 작성될 수 있습니다. 게시글은 내용이 길어질 수록 더 많은 정보를 전달하며, 이에 따라 조회수와 댓글 수도 증가할 수 있습니다.",2024-04-05,2023-11-13,527
186,user16,게시글 제목 186,"이 게시글은 예시 데이터를 생성하기 위해 작성되었습니다. 내용은 길게 생성되며, 다양한 정보와 의견을 포함하고 있습니다. 게시글 번호 186의 주제는 랜덤하게 설정되었으며, 사용자가 원하는 다양한 내용을 담을 수 있습니다. 이와 같은 게시글들은 보통 웹사이트나 커뮤니티에서 자주 볼 수 있는 형식이며, 실제 데이터를 기반으로 작성될 수 있습니다. 게시글은 내용이 길어질 수록 더 많은 정보를 전달하며, 이에 따라 조회수와 댓글 수도 증가할 수 있습니다.",2023-11-07,2024-07-29,907
187,user17,게시글 제목 187,"이 게시글은 예시 데이터를 생성하기 위해 작성되었습니다. 내용은 길게 생성되며, 다양한 정보와 의견을 포함하고 있습니다. 게시글 번호 187의 주제는 랜덤하게 설정되었으며, 사용자가 원하는 다양한 내용을 담을 수 있습니다. 이와 같은 게시글들은 보통 웹사이트나 커뮤니티에서 자주 볼 수 있는 형식이며, 실제 데이터를 기반으로 작성될 수 있습니다. 게시글은 내용이 길어질 수록 더 많은 정보를 전달하며, 이에 따라 조회수와 댓글 수도 증가할 수 있습니다.",2024-09-11,2024-03-29,884
188,user15,게시글 제목 188,"이 게시글은 예시 데이터를 생성하기 위해 작성되었습니다. 내용은 길게 생성되며, 다양한 정보와 의견을 포함하고 있습니다. 게시글 번호 188의 주제는 랜덤하게 설정되었으며, 사용자가 원하는 다양한 내용을 담을 수 있습니다. 이와 같은 게시글들은 보통 웹사이트나 커뮤니티에서 자주 볼 수 있는 형식이며, 실제 데이터를 기반으로 작성될 수 있습니다. 게시글은 내용이 길어질 수록 더 많은 정보를 전달하며, 이에 따라 조회수와 댓글 수도 증가할 수 있습니다.",2024-02-01,2024-06-29,338
189,user3,게시글 제목 189,"이 게시글은 예시 데이터를 생성하기 위해 작성되었습니다. 내용은 길게 생성되며, 다양한 정보와 의견을 포함하고 있습니다. 게시글 번호 189의 주제는 랜덤하게 설정되었으며, 사용자가 원하는 다양한 내용을 담을 수 있습니다. 이와 같은 게시글들은 보통 웹사이트나 커뮤니티에서 자주 볼 수 있는 형식이며, 실제 데이터를 기반으로 작성될 수 있습니다. 게시글은 내용이 길어질 수록 더 많은 정보를 전달하며, 이에 따라 조회수와 댓글 수도 증가할 수 있습니다.",2024-05-28,2024-06-11,280
190,user13,게시글 제목 190,"이 게시글은 예시 데이터를 생성하기 위해 작성되었습니다. 내용은 길게 생성되며, 다양한 정보와 의견을 포함하고 있습니다. 게시글 번호 190의 주제는 랜덤하게 설정되었으며, 사용자가 원하는 다양한 내용을 담을 수 있습니다. 이와 같은 게시글들은 보통 웹사이트나 커뮤니티에서 자주 볼 수 있는 형식이며, 실제 데이터를 기반으로 작성될 수 있습니다. 게시글은 내용이 길어질 수록 더 많은 정보를 전달하며, 이에 따라 조회수와 댓글 수도 증가할 수 있습니다.",2023-12-13,2024-07-20,165
191,user9,게시글 제목 191,"이 게시글은 예시 데이터를 생성하기 위해 작성되었습니다. 내용은 길게 생성되며, 다양한 정보와 의견을 포함하고 있습니다. 게시글 번호 191의 주제는 랜덤하게 설정되었으며, 사용자가 원하는 다양한 내용을 담을 수 있습니다. 이와 같은 게시글들은 보통 웹사이트나 커뮤니티에서 자주 볼 수 있는 형식이며, 실제 데이터를 기반으로 작성될 수 있습니다. 게시글은 내용이 길어질 수록 더 많은 정보를 전달하며, 이에 따라 조회수와 댓글 수도 증가할 수 있습니다.",2023-12-09,2024-01-12,160
192,user12,게시글 제목 192,"이 게시글은 예시 데이터를 생성하기 위해 작성되었습니다. 내용은 길게 생성되며, 다양한 정보와 의견을 포함하고 있습니다. 게시글 번호 192의 주제는 랜덤하게 설정되었으며, 사용자가 원하는 다양한 내용을 담을 수 있습니다. 이와 같은 게시글들은 보통 웹사이트나 커뮤니티에서 자주 볼 수 있는 형식이며, 실제 데이터를 기반으로 작성될 수 있습니다. 게시글은 내용이 길어질 수록 더 많은 정보를 전달하며, 이에 따라 조회수와 댓글 수도 증가할 수 있습니다.",2024-04-19,2023-11-02,36
193,user14,게시글 제목 193,"이 게시글은 예시 데이터를 생성하기 위해 작성되었습니다. 내용은 길게 생성되며, 다양한 정보와 의견을 포함하고 있습니다. 게시글 번호 193의 주제는 랜덤하게 설정되었으며, 사용자가 원하는 다양한 내용을 담을 수 있습니다. 이와 같은 게시글들은 보통 웹사이트나 커뮤니티에서 자주 볼 수 있는 형식이며, 실제 데이터를 기반으로 작성될 수 있습니다. 게시글은 내용이 길어질 수록 더 많은 정보를 전달하며, 이에 따라 조회수와 댓글 수도 증가할 수 있습니다.",2024-06-20,2024-03-16,299
194,user2,게시글 제목 194,"이 게시글은 예시 데이터를 생성하기 위해 작성되었습니다. 내용은 길게 생성되며, 다양한 정보와 의견을 포함하고 있습니다. 게시글 번호 194의 주제는 랜덤하게 설정되었으며, 사용자가 원하는 다양한 내용을 담을 수 있습니다. 이와 같은 게시글들은 보통 웹사이트나 커뮤니티에서 자주 볼 수 있는 형식이며, 실제 데이터를 기반으로 작성될 수 있습니다. 게시글은 내용이 길어질 수록 더 많은 정보를 전달하며, 이에 따라 조회수와 댓글 수도 증가할 수 있습니다.",2023-12-31,2024-10-23,781
195,user2,게시글 제목 195,"이 게시글은 예시 데이터를 생성하기 위해 작성되었습니다. 내용은 길게 생성되며, 다양한 정보와 의견을 포함하고 있습니다. 게시글 번호 195의 주제는 랜덤하게 설정되었으며, 사용자가 원하는 다양한 내용을 담을 수 있습니다. 이와 같은 게시글들은 보통 웹사이트나 커뮤니티에서 자주 볼 수 있는 형식이며, 실제 데이터를 기반으로 작성될 수 있습니다. 게시글은 내용이 길어질 수록 더 많은 정보를 전달하며, 이에 따라 조회수와 댓글 수도 증가할 수 있습니다.",2023-12-24,2024-07-23,662
196,user10,게시글 제목 196,"이 게시글은 예시 데이터를 생성하기 위해 작성되었습니다. 내용은 길게 생성되며, 다양한 정보와 의견을 포함하고 있습니다. 게시글 번호 196의 주제는 랜덤하게 설정되었으며, 사용자가 원하는 다양한 내용을 담을 수 있습니다. 이와 같은 게시글들은 보통 웹사이트나 커뮤니티에서 자주 볼 수 있는 형식이며, 실제 데이터를 기반으로 작성될 수 있습니다. 게시글은 내용이 길어질 수록 더 많은 정보를 전달하며, 이에 따라 조회수와 댓글 수도 증가할 수 있습니다.",2023-12-25,2023-10-25,192
197,user4,게시글 제목 197,"이 게시글은 예시 데이터를 생성하기 위해 작성되었습니다. 내용은 길게 생성되며, 다양한 정보와 의견을 포함하고 있습니다. 게시글 번호 197의 주제는 랜덤하게 설정되었으며, 사용자가 원하는 다양한 내용을 담을 수 있습니다. 이와 같은 게시글들은 보통 웹사이트나 커뮤니티에서 자주 볼 수 있는 형식이며, 실제 데이터를 기반으로 작성될 수 있습니다. 게시글은 내용이 길어질 수록 더 많은 정보를 전달하며, 이에 따라 조회수와 댓글 수도 증가할 수 있습니다.",2023-11-14,2024-06-18,732
198,user19,게시글 제목 198,"이 게시글은 예시 데이터를 생성하기 위해 작성되었습니다. 내용은 길게 생성되며, 다양한 정보와 의견을 포함하고 있습니다. 게시글 번호 198의 주제는 랜덤하게 설정되었으며, 사용자가 원하는 다양한 내용을 담을 수 있습니다. 이와 같은 게시글들은 보통 웹사이트나 커뮤니티에서 자주 볼 수 있는 형식이며, 실제 데이터를 기반으로 작성될 수 있습니다. 게시글은 내용이 길어질 수록 더 많은 정보를 전달하며, 이에 따라 조회수와 댓글 수도 증가할 수 있습니다.",2024-05-08,2024-10-18,960
199,user8,게시글 제목 199,"이 게시글은 예시 데이터를 생성하기 위해 작성되었습니다. 내용은 길게 생성되며, 다양한 정보와 의견을 포함하고 있습니다. 게시글 번호 199의 주제는 랜덤하게 설정되었으며, 사용자가 원하는 다양한 내용을 담을 수 있습니다. 이와 같은 게시글들은 보통 웹사이트나 커뮤니티에서 자주 볼 수 있는 형식이며, 실제 데이터를 기반으로 작성될 수 있습니다. 게시글은 내용이 길어질 수록 더 많은 정보를 전달하며, 이에 따라 조회수와 댓글 수도 증가할 수 있습니다.",2024-09-15,2024-02-03,390
200,user2,게시글 제목 200,"이 게시글은 예시 데이터를 생성하기 위해 작성되었습니다. 내용은 길게 생성되며, 다양한 정보와 의견을 포함하고 있습니다. 게시글 번호 200의 주제는 랜덤하게 설정되었으며, 사용자가 원하는 다양한 내용을 담을 수 있습니다. 이와 같은 게시글들은 보통 웹사이트나 커뮤니티에서 자주 볼 수 있는 형식이며, 실제 데이터를 기반으로 작성될 수 있습니다. 게시글은 내용이 길어질 수록 더 많은 정보를 전달하며, 이에 따라 조회수와 댓글 수도 증가할 수 있습니다.",2024-05-30,2024-03-31,501
