id,password,username,nickname
user1,password_hash_1,김민수,NickName1
user2,password_hash_2,박지우,NickName2
user3,password_hash_3,이준서,NickName3
user4,password_hash_4,정하늘,NickName4
user5,password_hash_5,최수진,NickName5
user6,password_hash_6,한예지,NickName6
user7,password_hash_7,장민호,NickName7
user8,password_hash_8,신수정,NickName8
user9,password_hash_9,유다인,NickName9
user10,password_hash_10,홍길동,NickName10
user11,password_hash_11,이서연,NickName11
user12,password_hash_12,강준혁,NickName12
user13,password_hash_13,윤재영,NickName13
user14,password_hash_14,김하은,NickName14
user15,password_hash_15,서민재,NickName15
user16,password_hash_16,박지훈,NickName16
user17,password_hash_17,최예슬,NickName17
user18,password_hash_18,백지훈,NickName18
user19,password_hash_19,남지원,NickName19
user20,password_hash_20,오세훈,NickName20
