cno,id
1261,com.forbes.Rank
1307,com.walmart.Greenlam
1579,pl.google.Zaam-Dox
748,net.discuz.Zathin
1198,com.theatlantic.Job
1359,com.forbes.Rank
1432,com.wikia.Prodder
602,com.nifty.Stringtough
69,com.wikia.Prodder
2166,gov.noaa.Zamit
1841,com.engadget.Bamity
2759,it.google.Daltfresh
1547,com.phpbb.Viva
959,com.phpbb.Viva
793,jp.ne.dion.Treeflex
1275,gov.noaa.Zamit
2043,com.wikia.Prodder
1910,jp.exblog.Hatity
2719,com.nifty.Stringtough
1148,com.studiopress.Sonsing
1685,net.discuz.Zathin
1967,com.forbes.Rank
1595,com.forbes.Rank
1598,jp.ne.dion.Treeflex
2054,com.engadget.Bamity
253,it.google.Daltfresh
2022,de.e-recht24.Domainer
928,com.accuweather.Cookley
298,com.forbes.Rank
180,com.phpbb.Viva
524,com.studiopress.Sonsing
2962,net.discuz.Zathin
1624,jp.ne.dion.Treeflex
1347,pl.google.Zaam-Dox
1348,me.flavors.Regrant
431,jp.exblog.Hatity
1064,com.wikia.Prodder
513,net.discuz.Zathin
1,it.google.Daltfresh
1150,com.hibu.Namfix
281,com.theatlantic.Zathin
1984,gov.noaa.Zamit
1946,jp.ne.dion.Treeflex
2076,com.accuweather.Cookley
1740,pl.google.Zaam-Dox
1911,net.discuz.Zathin
52,gov.noaa.Zamit
420,gov.noaa.Zamit
2215,gov.noaa.Zamit
2691,com.walmart.Greenlam
