bno,id,title,content,write_date,write_update_date,bcount
1,user22,Corrupti repellat illum distinctio qui.,A dolore adipisci perferendis quisquam animi. Aut distinctio unde animi corporis dolores. Dolores blanditiis sed ratione reprehenderit officiis.,2024-07-02,2024-07-14,29
2,user24,Possimus sunt ut ut.,Necessitatibus maxime id ratione suscipit officia. Eaque recusandae voluptatibus facere quia. Corrupti doloremque inventore voluptatem.,2024-09-06,2024-02-24,55
3,user37,Perferendis facilis voluptatem sit laudantium et.,Veniam quia facilis ipsam. Minima inventore dolor delectus. Fugiat placeat facilis consectetur.,2024-03-07,2024-04-19,36
4,user15,Atque dolorum veritatis natus ipsam vel aut quos.,Sed quaerat porro ad doloremque minus optio. Quam officiis repellat maxime dolores suscipit explicabo. Dignissimos quis molestias est veritatis provident ducimus explicabo.,2024-09-23,2024-08-20,91
5,user25,Et facilis eos ullam odio.,"Quidem quidem neque tempora nulla. Nulla distinctio corrupti nesciunt nam.
Fugiat libero fugit. Explicabo ducimus voluptatibus necessitatibus exercitationem. Vero labore numquam recusandae.",2024-07-18,2024-01-08,42
6,user27,Sit ex ipsa fugiat distinctio voluptatem vel.,Quae cupiditate consequuntur eius asperiores magnam aliquam. Doloribus earum rerum expedita reprehenderit. Tempore qui numquam.,2024-02-05,2024-06-23,91
7,user23,Amet sapiente architecto magnam fugiat delectus similique.,"Praesentium quaerat fugit fuga accusamus aliquid ducimus reprehenderit. Enim non officiis dolorum voluptates. Perspiciatis culpa ab beatae.
Consequatur incidunt voluptate repudiandae placeat a natus.",2024-02-17,2024-09-09,40
8,user27,Omnis recusandae dignissimos incidunt quaerat velit beatae.,"Vitae vel et modi optio ea. Facere illo quod aliquid quas libero. Quibusdam pariatur eum.
Praesentium nesciunt cum quia excepturi maxime.",2024-09-30,2024-04-10,97
9,user15,In placeat voluptatem consectetur.,"Cum atque libero deserunt facilis nobis perferendis. Ex praesentium dolorem vel incidunt.
Reiciendis delectus sit facere sint. Rem sed molestiae. Dolorem officia fugit qui ullam voluptatem nobis.",2024-01-03,2024-06-30,11
10,user16,Blanditiis unde quis.,Officiis voluptates iste in error distinctio sunt nesciunt. Exercitationem pariatur ad beatae. Aut facere nam cupiditate.,2024-10-04,2024-07-11,89
