PNAME,PAGE
윤 하윤,42
장 지우,50
황 시우,35
정 도윤,51
황 시우,44
최 수아,36
류 윤서,30
전 지우,28
이 지안,50
최 예준,59
한 지민,20
권 민준,25
오 시우,58
황 하윤,52
황 민서,28
임 지안,58
류 하윤,34
조 서아,54
윤 도윤,57
최 지민,51
오 시우,51
안 하윤,35
강 수아,31
윤 하준,26
전 지원,45
김 하은,24
장 서윤,28
이 지민,58
송 지원,53
최 윤서,39
류 서준,51
한 지원,43
박 지원,42
정 지원,34
안 민준,51
류 서연,47
정 서연,26
강 하준,48
오 서윤,51
윤 서아,22
서 지원,49
윤 하윤,50
류 서연,40
송 하준,26
장 서연,34
류 서아,22
오 지안,59
송 하윤,20
최 지호,47
안 지우,57
정 하은,52
전 지원,42
류 예준,53
임 서준,28
신 지원,50
임 하은,26
강 서연,27
이 하은,41
이 민서,30
정 지원,52
신 지호,28
권 서아,52
안 지안,47
장 하윤,30
오 하준,29
송 서준,42
강 민서,27
류 시우,23
권 수아,54
한 지민,46
서 지원,23
조 지민,33
이 서아,20
안 도윤,47
신 예준,52
류 지호,21
권 서윤,40
신 서윤,24
권 민서,43
최 하준,31
안 수아,53
송 민준,31
한 도윤,27
박 하윤,55
정 하은,44
정 하린,58
김 지민,35
오 서준,56
임 하윤,49
윤 지우,59
장 도윤,24
서 예준,26
이 하윤,33
박 하윤,30
이 하은,42
류 예준,29
조 지안,26
최 하준,35
송 지원,38
안 지호,41
